,l1,l2,l3,l4,l5,l6,l7,l8,l9,u,hashin
0,45.0,90.0,0.0,45.0,90.0,90.0,45.0,90.0,45.0,0.21130491496439174,0.3108260983079758
1,45.0,90.0,45.0,0.0,45.0,90.0,45.0,45.0,45.0,0.15752332852044537,0.9429038140115695
2,45.0,0.0,0.0,45.0,0.0,45.0,45.0,45.0,45.0,0.06733214828238143,0.7116791368559141
3,45.0,0.0,90.0,90.0,0.0,45.0,45.0,90.0,45.0,0.8260903171367471,0.744948632034601
4,0.0,90.0,45.0,45.0,45.0,45.0,0.0,0.0,45.0,0.4387108402608856,0.5492186958542997
5,90.0,45.0,0.0,90.0,45.0,0.0,0.0,45.0,0.0,0.0448380651921223,0.5855320357017092
6,45.0,45.0,90.0,0.0,45.0,0.0,45.0,45.0,45.0,0.13792711721339534,0.13523757225272715
7,45.0,90.0,0.0,45.0,0.0,90.0,0.0,0.0,90.0,0.10035853905431458,0.8037944038368612
8,45.0,45.0,45.0,0.0,45.0,0.0,45.0,45.0,45.0,0.8830246925883211,0.390720093304989
9,90.0,90.0,0.0,90.0,90.0,45.0,90.0,45.0,45.0,0.7377667859483241,0.5807965582908696
10,90.0,45.0,45.0,45.0,90.0,45.0,45.0,45.0,45.0,0.65273261701416,0.2003271501926962
11,45.0,0.0,45.0,45.0,90.0,45.0,90.0,0.0,0.0,0.05066843813790456,0.7309279852450985
12,45.0,0.0,90.0,45.0,45.0,0.0,45.0,45.0,90.0,0.9476170952238389,0.8066777866832278
13,90.0,45.0,45.0,45.0,45.0,45.0,45.0,45.0,45.0,0.9952945385543929,0.8043224175619583
14,45.0,90.0,45.0,0.0,0.0,0.0,0.0,90.0,45.0,0.017514990892090188,0.9242186939514634
15,90.0,0.0,45.0,90.0,45.0,90.0,45.0,90.0,90.0,0.9608398071279828,0.7212389203363841
16,45.0,0.0,45.0,0.0,0.0,90.0,90.0,90.0,0.0,0.47884096755411865,0.6881570328089893
17,0.0,45.0,0.0,0.0,90.0,45.0,0.0,45.0,90.0,0.9037387109461876,0.6233815152268263
18,0.0,45.0,45.0,0.0,45.0,0.0,45.0,45.0,90.0,0.02944849576477715,0.917542674255306
19,45.0,90.0,90.0,45.0,0.0,90.0,0.0,90.0,45.0,0.9592575179735646,0.2942480040942428
20,0.0,45.0,45.0,45.0,45.0,45.0,45.0,45.0,45.0,0.2594955773803843,0.8970633877235829
21,45.0,45.0,0.0,45.0,0.0,45.0,0.0,45.0,45.0,0.7946160810427525,0.18996870828853152
22,0.0,45.0,90.0,0.0,90.0,45.0,45.0,90.0,45.0,0.6764883200814004,0.7893504783738793
23,0.0,45.0,45.0,90.0,90.0,45.0,45.0,0.0,45.0,0.19934879123863003,0.8801958094460661
24,0.0,45.0,45.0,45.0,0.0,90.0,90.0,0.0,45.0,0.8147386697151144,0.2765144943442588
25,90.0,45.0,45.0,90.0,90.0,0.0,45.0,90.0,45.0,0.30624796682276423,0.4537050924482474
26,45.0,45.0,45.0,45.0,45.0,45.0,0.0,90.0,90.0,0.3755250647897568,0.19505074982753945
27,45.0,45.0,45.0,45.0,45.0,45.0,45.0,90.0,45.0,0.012286874021913086,0.860892884928771
28,45.0,0.0,90.0,45.0,90.0,45.0,45.0,45.0,45.0,0.703254661356092,0.5167583670117772
29,0.0,45.0,90.0,0.0,45.0,45.0,90.0,90.0,45.0,0.25764634238737527,0.9240269347948672
30,0.0,45.0,45.0,45.0,90.0,45.0,45.0,45.0,90.0,0.36417631687398533,0.2414066665457354
31,45.0,45.0,0.0,45.0,0.0,0.0,90.0,45.0,45.0,0.7000997488156315,0.8760019224418458
32,45.0,45.0,0.0,0.0,90.0,0.0,0.0,90.0,45.0,0.09140540296487965,0.38047553874551554
33,0.0,90.0,45.0,45.0,45.0,90.0,45.0,45.0,90.0,0.5195330186097205,0.5016465151423665
34,0.0,0.0,45.0,90.0,45.0,90.0,45.0,90.0,0.0,0.05661242031184255,0.6491916997654291
35,45.0,45.0,0.0,0.0,0.0,90.0,45.0,45.0,45.0,0.3621948012778069,0.7403457460542545
36,45.0,45.0,90.0,0.0,45.0,0.0,0.0,45.0,0.0,0.37558846618393193,0.3651108694443469
37,0.0,90.0,45.0,90.0,0.0,90.0,90.0,45.0,45.0,0.040843939672912666,0.7433095484858357
38,45.0,45.0,90.0,45.0,45.0,0.0,45.0,0.0,0.0,0.8240698440493176,0.29023739776470303
39,45.0,45.0,90.0,45.0,45.0,45.0,0.0,45.0,0.0,0.857399059879476,0.6887603831055118
40,0.0,0.0,90.0,0.0,0.0,0.0,45.0,45.0,45.0,0.9264701834840342,0.8760329325282273
41,45.0,45.0,90.0,90.0,0.0,45.0,45.0,90.0,45.0,0.8237577104988839,0.472732166297851
42,0.0,45.0,90.0,90.0,45.0,45.0,45.0,0.0,0.0,0.6697968155766074,0.5809630379334169
43,0.0,90.0,0.0,45.0,0.0,45.0,0.0,0.0,45.0,0.6459391773938542,0.14093103896978354
44,90.0,0.0,0.0,0.0,45.0,0.0,45.0,0.0,45.0,0.2950998307317694,0.14597965066243634
45,0.0,0.0,45.0,45.0,90.0,90.0,0.0,45.0,45.0,0.4544075243165048,0.9007801849241011
46,90.0,0.0,45.0,45.0,45.0,0.0,0.0,90.0,45.0,0.04706242150504292,0.3458692529186699
47,45.0,90.0,45.0,0.0,90.0,90.0,45.0,45.0,45.0,0.8624871363578451,0.30198074947051656
48,0.0,45.0,0.0,0.0,45.0,90.0,45.0,90.0,90.0,0.9343839453418042,0.17005093405487293
49,45.0,0.0,45.0,90.0,0.0,45.0,0.0,0.0,0.0,0.34657921274596304,0.9265855518907324
50,45.0,90.0,90.0,90.0,45.0,45.0,45.0,90.0,45.0,0.35043323362749557,0.6414669386055304
51,90.0,45.0,90.0,0.0,45.0,45.0,90.0,45.0,90.0,0.25696055158187214,0.20863390652834113
52,45.0,0.0,45.0,0.0,45.0,90.0,45.0,0.0,45.0,0.5225491855747981,0.4769025746438089
53,45.0,90.0,0.0,45.0,0.0,90.0,45.0,90.0,90.0,0.5962805217387553,0.6560089278554164
54,0.0,0.0,90.0,0.0,45.0,0.0,45.0,45.0,45.0,0.12425062466441061,0.5011860809897672
55,45.0,0.0,45.0,0.0,45.0,0.0,45.0,45.0,45.0,0.8316752261171236,0.7014712297385187
56,45.0,90.0,0.0,0.0,0.0,45.0,90.0,45.0,90.0,0.7331226873229864,0.7752235359580799
57,90.0,45.0,45.0,45.0,45.0,45.0,45.0,45.0,45.0,0.0041944829095384994,0.5288663880171955
58,45.0,45.0,45.0,90.0,90.0,0.0,45.0,45.0,0.0,0.02426773779307334,0.7539326665593532
59,45.0,45.0,0.0,90.0,90.0,45.0,90.0,45.0,0.0,0.5027955958115622,0.8770746674690939
60,45.0,90.0,45.0,45.0,0.0,0.0,45.0,45.0,0.0,0.5573468042228588,0.8642646646317758
61,45.0,90.0,90.0,0.0,90.0,90.0,45.0,90.0,0.0,0.3724948647454578,0.4085426031965589
62,90.0,90.0,0.0,0.0,0.0,45.0,45.0,45.0,0.0,0.9616490131368213,0.8376943957730553
63,90.0,45.0,45.0,90.0,45.0,45.0,45.0,45.0,90.0,0.5429618564652288,0.5323088043359249
64,45.0,45.0,0.0,45.0,45.0,45.0,45.0,0.0,0.0,0.5005761564305108,0.9973590988390341
65,45.0,45.0,45.0,45.0,90.0,90.0,0.0,0.0,45.0,0.5708533741504164,0.6162829760404182
66,90.0,0.0,90.0,45.0,0.0,0.0,0.0,45.0,45.0,0.9700559886180374,0.8573718641227055
67,90.0,45.0,45.0,0.0,45.0,45.0,0.0,90.0,45.0,0.1617284545075316,0.031015995332622226
68,0.0,90.0,0.0,90.0,0.0,90.0,45.0,45.0,45.0,0.05219248024150158,0.9455331131441398
69,45.0,45.0,45.0,45.0,0.0,45.0,45.0,0.0,0.0,0.127300035147357,0.8087614572659305
70,45.0,45.0,45.0,0.0,90.0,0.0,90.0,0.0,45.0,0.3110728651956697,0.23737896080042786
71,0.0,45.0,45.0,45.0,45.0,45.0,0.0,0.0,90.0,0.46087184891551536,0.582931862318597
72,45.0,45.0,45.0,0.0,45.0,45.0,0.0,0.0,90.0,0.800720408439784,0.5789118765223145
73,45.0,90.0,90.0,90.0,90.0,45.0,90.0,45.0,90.0,0.2047947650698524,0.49619769227140875
74,0.0,90.0,45.0,90.0,45.0,45.0,45.0,0.0,45.0,0.7116078783675239,0.8663209862681114
75,45.0,45.0,0.0,45.0,90.0,45.0,45.0,45.0,45.0,0.1574207236604146,0.720876351265684
76,0.0,90.0,45.0,45.0,0.0,45.0,45.0,90.0,45.0,0.7785302959089289,0.7772713084282716
77,0.0,90.0,90.0,90.0,45.0,45.0,0.0,45.0,0.0,0.02222646133139916,0.9555375583535958
78,45.0,90.0,45.0,90.0,45.0,45.0,0.0,45.0,45.0,0.5448360570217751,0.02043290372568407
79,45.0,0.0,0.0,90.0,45.0,0.0,0.0,0.0,45.0,0.5882985278477643,0.3880303191204052
80,45.0,45.0,0.0,90.0,45.0,45.0,45.0,0.0,45.0,0.4816362390744675,0.6171020173343994
81,45.0,90.0,45.0,45.0,45.0,45.0,90.0,45.0,45.0,0.6655072388590884,0.8865930507437685
82,90.0,45.0,90.0,90.0,90.0,45.0,0.0,0.0,0.0,0.1185533800572568,0.7014385962890968
83,90.0,0.0,90.0,45.0,90.0,90.0,45.0,45.0,0.0,0.03553749599181133,0.9461757821489909
84,45.0,90.0,90.0,90.0,90.0,0.0,90.0,45.0,45.0,0.00422181632656049,0.38071254175730496
85,45.0,45.0,45.0,90.0,45.0,0.0,45.0,45.0,90.0,0.2515905871511567,0.5767149364834039
86,0.0,45.0,45.0,0.0,90.0,0.0,45.0,45.0,45.0,0.3227023446915751,0.18423147023467723
87,90.0,45.0,45.0,45.0,0.0,0.0,45.0,90.0,90.0,0.04875947513228085,0.5414274713636203
88,45.0,45.0,90.0,90.0,45.0,90.0,45.0,45.0,0.0,0.5775774526568995,0.15193212388970323
89,0.0,0.0,45.0,45.0,45.0,45.0,90.0,45.0,0.0,0.695016819548266,0.5638440005031837
90,0.0,45.0,45.0,45.0,0.0,45.0,0.0,45.0,45.0,0.3905545199495578,0.13109252923791426
91,0.0,90.0,45.0,90.0,90.0,45.0,45.0,0.0,45.0,0.7491061450656226,0.6258235055367338
92,90.0,0.0,0.0,45.0,0.0,45.0,90.0,45.0,45.0,0.6748682455850934,0.9152359484729073
93,45.0,0.0,45.0,90.0,45.0,45.0,0.0,0.0,45.0,0.31917447249183684,0.6966871664787794
94,0.0,45.0,0.0,45.0,0.0,90.0,0.0,90.0,45.0,0.5903375201461661,0.8580039061582009
95,45.0,0.0,90.0,0.0,45.0,90.0,90.0,45.0,45.0,0.8067147323291498,0.5632118532061945
96,0.0,45.0,0.0,90.0,0.0,90.0,45.0,90.0,90.0,0.7433104344803102,0.029129466255002012
97,90.0,90.0,45.0,45.0,45.0,45.0,45.0,45.0,45.0,0.8948576764036511,0.943510769896451
98,45.0,45.0,90.0,90.0,90.0,90.0,45.0,0.0,90.0,0.5746638297267004,0.20037933655779194
99,45.0,90.0,0.0,45.0,90.0,45.0,45.0,90.0,45.0,0.10687971069314617,0.8374124157364178
100,90.0,0.0,45.0,0.0,45.0,45.0,45.0,45.0,45.0,0.832484628008357,0.012495258560822786
101,45.0,45.0,0.0,45.0,45.0,45.0,45.0,0.0,0.0,0.1317220421583305,0.5305142555192588
102,0.0,0.0,45.0,90.0,45.0,45.0,90.0,45.0,45.0,0.3282698883976375,0.4152354718676753
103,0.0,0.0,45.0,45.0,90.0,45.0,45.0,45.0,90.0,0.6763868139922475,0.6666596708485582
104,45.0,0.0,45.0,45.0,90.0,0.0,45.0,0.0,90.0,0.7082723541964385,0.05517733612849174
105,90.0,0.0,0.0,0.0,45.0,45.0,45.0,45.0,45.0,0.5985300550963606,0.4712294367741672
106,45.0,45.0,45.0,90.0,45.0,0.0,0.0,0.0,45.0,0.10539539475033022,0.43124773079101164
107,90.0,45.0,45.0,45.0,45.0,0.0,90.0,0.0,45.0,0.7204206166306645,0.9999279260735086
108,0.0,45.0,45.0,45.0,0.0,45.0,90.0,90.0,45.0,0.4182101631338411,0.5753176323819652
109,90.0,90.0,45.0,45.0,45.0,45.0,45.0,90.0,90.0,0.6105470013611032,0.0005876902775056037
110,45.0,45.0,45.0,45.0,45.0,0.0,45.0,45.0,90.0,0.6775202993544148,0.5548599562849265
111,0.0,45.0,45.0,45.0,45.0,0.0,0.0,90.0,0.0,0.4932743167385628,0.8308568102084096
112,45.0,45.0,45.0,45.0,90.0,90.0,90.0,90.0,0.0,0.4506393200829337,0.37461072710043697
113,90.0,45.0,0.0,45.0,45.0,90.0,90.0,90.0,45.0,0.3319915691217674,0.2145646754778875
114,45.0,90.0,90.0,45.0,90.0,90.0,0.0,90.0,0.0,0.5111970964979878,0.048942323176578206
115,0.0,45.0,0.0,45.0,45.0,45.0,45.0,0.0,90.0,0.4958856824750031,0.12692342346976926
116,45.0,45.0,45.0,45.0,90.0,0.0,90.0,45.0,45.0,0.11889906016566798,0.6808400587391783
117,45.0,0.0,0.0,45.0,0.0,45.0,90.0,45.0,45.0,0.471604319728991,0.3440804018400324
118,90.0,45.0,45.0,90.0,45.0,45.0,90.0,90.0,0.0,0.9930246563654666,0.41191498846774066
119,45.0,0.0,45.0,90.0,45.0,45.0,45.0,90.0,45.0,0.21062301105642012,0.06993739006696531
120,45.0,0.0,45.0,0.0,45.0,0.0,0.0,45.0,0.0,0.3287040493292681,0.08809610080187658
121,45.0,90.0,45.0,90.0,45.0,45.0,45.0,90.0,0.0,0.5607039629361555,0.8648847736489931
122,0.0,45.0,45.0,0.0,90.0,0.0,45.0,45.0,90.0,0.8769300058489727,0.876726214574758
123,45.0,45.0,90.0,0.0,0.0,45.0,45.0,45.0,45.0,0.6295328534931591,0.8622267757038842
124,0.0,45.0,90.0,45.0,0.0,45.0,45.0,45.0,0.0,0.06398566966561203,0.9236339029012626
125,90.0,45.0,45.0,45.0,45.0,45.0,90.0,90.0,0.0,0.6441214125519292,0.7241968968466101
126,0.0,90.0,45.0,45.0,0.0,90.0,45.0,45.0,90.0,0.23589903315052774,0.47902948186694416
127,45.0,0.0,0.0,0.0,45.0,0.0,45.0,45.0,0.0,0.8678602282194444,0.1907849378739085
128,45.0,45.0,45.0,45.0,0.0,0.0,0.0,45.0,0.0,0.1959999368816141,0.967925636134767
129,45.0,45.0,0.0,90.0,0.0,0.0,45.0,0.0,90.0,0.8265219627626712,0.21943491654754332
130,45.0,45.0,90.0,90.0,45.0,45.0,90.0,90.0,0.0,0.29054678882970364,0.3331006210990305
131,45.0,45.0,90.0,0.0,45.0,45.0,45.0,90.0,0.0,0.1334214757761063,0.5271078605534285
132,45.0,45.0,45.0,45.0,0.0,45.0,90.0,0.0,45.0,0.4556234486907277,0.5810589582495551
133,0.0,45.0,45.0,0.0,45.0,45.0,90.0,0.0,45.0,0.92407193551802,0.7853990135697916
134,45.0,90.0,45.0,0.0,90.0,45.0,0.0,45.0,90.0,0.9640761820048269,0.62287495377578
135,0.0,45.0,0.0,45.0,90.0,45.0,90.0,90.0,0.0,0.28399873342698256,0.2260237692978374
136,45.0,45.0,45.0,90.0,45.0,90.0,0.0,0.0,45.0,0.01536523371417875,0.1732718018261844
137,0.0,0.0,45.0,90.0,0.0,90.0,45.0,0.0,0.0,0.5826283516856849,0.5199238131384025
138,45.0,90.0,45.0,45.0,45.0,90.0,45.0,45.0,45.0,0.8014853288406472,0.5254849776920683
139,0.0,90.0,0.0,90.0,45.0,45.0,45.0,0.0,45.0,0.15732787349715338,0.3552840434811081
140,45.0,90.0,45.0,45.0,45.0,90.0,0.0,45.0,45.0,0.20573616653786697,0.731194997905507
141,90.0,45.0,45.0,0.0,45.0,90.0,45.0,90.0,45.0,0.8377991238621093,0.45598886014708706
142,0.0,0.0,45.0,90.0,90.0,0.0,90.0,45.0,45.0,0.6144737896880417,0.2661766436379548
143,45.0,45.0,0.0,45.0,90.0,90.0,45.0,45.0,0.0,0.7621907744435438,0.7851029358672087
144,90.0,90.0,45.0,45.0,90.0,45.0,0.0,90.0,45.0,0.03954322901545182,0.7222324343371938
145,45.0,0.0,0.0,90.0,0.0,45.0,90.0,90.0,45.0,0.05897600979774276,0.8367551767673292
146,90.0,0.0,45.0,0.0,90.0,90.0,45.0,45.0,0.0,0.6197111254599175,0.6167868177340402
147,90.0,90.0,90.0,45.0,0.0,90.0,0.0,45.0,0.0,0.5149118954828459,0.8321878444662576
148,45.0,45.0,90.0,90.0,90.0,45.0,90.0,0.0,45.0,0.608280503518623,0.6598280986382219
149,0.0,45.0,90.0,0.0,0.0,45.0,45.0,45.0,90.0,0.5455178100017756,0.7287951188027598
150,45.0,45.0,90.0,90.0,45.0,0.0,45.0,0.0,90.0,0.029435957513117117,0.8350138700750892
151,45.0,0.0,45.0,0.0,90.0,0.0,90.0,45.0,0.0,0.6056300590773488,0.1541812186860405
152,0.0,45.0,0.0,45.0,0.0,45.0,90.0,0.0,45.0,0.9395719225600844,0.07551900338916584
153,0.0,0.0,90.0,45.0,90.0,45.0,45.0,90.0,90.0,0.3676020311256595,0.529676625439838
154,0.0,90.0,0.0,90.0,0.0,45.0,45.0,45.0,0.0,0.832892190956141,0.19009105628499123
155,45.0,45.0,45.0,90.0,45.0,0.0,90.0,0.0,90.0,0.09082468176043856,0.5265399008475369
156,45.0,45.0,45.0,45.0,0.0,0.0,90.0,45.0,45.0,0.784013213238404,0.09908543410109483
157,90.0,90.0,0.0,0.0,90.0,90.0,45.0,45.0,0.0,0.15659726210762837,0.580435297851121
158,0.0,45.0,45.0,45.0,45.0,45.0,0.0,90.0,45.0,0.8968808374625119,0.8716459927392668
159,45.0,0.0,45.0,45.0,45.0,0.0,45.0,45.0,45.0,0.6445755143965664,0.38214044451706164
160,45.0,45.0,0.0,45.0,45.0,90.0,90.0,45.0,45.0,0.5650258375525646,0.8202653192875531
161,0.0,90.0,0.0,90.0,90.0,90.0,45.0,90.0,45.0,0.9491478966158711,0.9675338951708049
162,90.0,45.0,90.0,45.0,45.0,0.0,90.0,0.0,45.0,0.8809687003252612,0.9735255857249892
163,45.0,45.0,45.0,45.0,45.0,45.0,45.0,0.0,45.0,0.6623819128611395,0.1724074095603252
164,45.0,0.0,45.0,90.0,45.0,45.0,90.0,45.0,45.0,0.7268025860895772,0.6608282814420063
165,45.0,90.0,0.0,45.0,90.0,0.0,45.0,0.0,45.0,0.5565336803066839,0.5356878962038466
166,45.0,45.0,45.0,0.0,45.0,45.0,0.0,0.0,90.0,0.7656978658607927,0.7042412959976536
167,45.0,45.0,45.0,45.0,0.0,90.0,90.0,45.0,45.0,0.13237701119984446,0.7991458826593768
168,0.0,0.0,90.0,0.0,45.0,90.0,45.0,45.0,45.0,0.6353771572776441,0.09183880529392596
169,0.0,0.0,0.0,0.0,0.0,90.0,0.0,45.0,45.0,0.3800904446945671,0.26301505662879354
170,45.0,45.0,45.0,90.0,90.0,45.0,90.0,90.0,90.0,0.41396360077988825,0.6433336405666958
171,0.0,45.0,45.0,45.0,0.0,0.0,45.0,90.0,90.0,0.23532681531875488,0.8014479555164393
172,0.0,45.0,45.0,0.0,90.0,45.0,45.0,45.0,45.0,0.6739137532972462,0.8820476520521022
173,45.0,45.0,0.0,45.0,45.0,45.0,45.0,45.0,90.0,0.5658550745881448,0.8313979179245166
174,45.0,45.0,90.0,0.0,90.0,90.0,45.0,0.0,45.0,0.21766921924846372,0.784158586122739
175,45.0,45.0,45.0,45.0,90.0,0.0,0.0,45.0,45.0,0.3100279131358088,0.09225593760151463
176,0.0,45.0,0.0,90.0,45.0,0.0,90.0,0.0,45.0,0.08755766502495144,0.27721169139062773
177,0.0,90.0,45.0,0.0,0.0,45.0,45.0,45.0,45.0,0.20228802124321932,0.14263268172342058
178,45.0,45.0,45.0,45.0,0.0,90.0,90.0,45.0,45.0,0.6236972276209497,0.3227547579954744
179,45.0,90.0,45.0,45.0,90.0,45.0,45.0,45.0,90.0,0.8869107225103693,0.057120046539841485
180,45.0,0.0,0.0,45.0,0.0,90.0,45.0,90.0,45.0,0.4247541539306382,0.44084873206088504
181,90.0,90.0,0.0,45.0,45.0,0.0,0.0,45.0,45.0,0.0933200865973981,0.3617370934993842
182,90.0,45.0,45.0,45.0,45.0,45.0,0.0,45.0,90.0,0.8492885606206637,0.7152102040470107
183,45.0,45.0,45.0,45.0,90.0,45.0,90.0,45.0,0.0,0.8998036873284924,0.5986686114984177
184,0.0,45.0,45.0,45.0,90.0,0.0,45.0,45.0,45.0,0.5952434164234819,0.5405471379744217
185,90.0,90.0,45.0,45.0,45.0,90.0,90.0,45.0,90.0,0.5125184357336158,0.5516606051493106
186,45.0,45.0,45.0,90.0,45.0,45.0,0.0,45.0,45.0,0.565273261057233,0.9134974881624683
187,0.0,90.0,0.0,45.0,90.0,90.0,45.0,0.0,45.0,0.5284654729278708,0.7472854585686802
188,45.0,45.0,45.0,0.0,0.0,45.0,0.0,0.0,90.0,0.1339119818484078,0.19612735593164576
189,90.0,45.0,45.0,45.0,45.0,0.0,0.0,45.0,0.0,0.8704875701280091,0.5254112231386321
190,45.0,90.0,90.0,45.0,0.0,90.0,45.0,45.0,90.0,0.21224472352051826,0.07104912285209708
191,90.0,45.0,0.0,45.0,45.0,45.0,45.0,0.0,45.0,0.583148281945733,0.7542435723136612
192,45.0,45.0,0.0,0.0,90.0,45.0,45.0,90.0,0.0,0.5885917491958123,0.26481588386241406
193,0.0,0.0,45.0,45.0,90.0,90.0,90.0,0.0,45.0,0.6990785653334769,0.26343603244055536
194,45.0,45.0,45.0,45.0,0.0,45.0,0.0,90.0,45.0,0.24442580867656216,0.751569185617891
195,45.0,90.0,45.0,90.0,45.0,0.0,45.0,0.0,0.0,0.20346069491577146,0.16407777375726817
196,45.0,45.0,0.0,0.0,45.0,45.0,90.0,45.0,45.0,0.3520381297738271,0.32541804644396954
197,0.0,45.0,45.0,90.0,0.0,45.0,0.0,90.0,45.0,0.962321461235386,0.1956918804769957
198,90.0,0.0,90.0,90.0,45.0,45.0,45.0,45.0,90.0,0.9761479535809536,0.990453457152623
199,90.0,0.0,45.0,90.0,45.0,45.0,0.0,45.0,90.0,0.029027642883367788,0.4198353624854668
200,45.0,90.0,45.0,90.0,45.0,45.0,90.0,90.0,45.0,0.6948880961484348,0.7985724628868478
201,45.0,45.0,45.0,45.0,45.0,90.0,90.0,90.0,45.0,0.9608657213352567,0.7770191614501175
202,45.0,45.0,45.0,0.0,0.0,45.0,45.0,45.0,90.0,0.9462431707589445,0.572159160191171
203,45.0,0.0,45.0,45.0,0.0,0.0,90.0,45.0,0.0,0.13128172757971945,0.756707625502653
204,45.0,45.0,45.0,45.0,0.0,45.0,45.0,0.0,45.0,0.3462971256718935,0.6258779440508744
205,45.0,45.0,0.0,0.0,45.0,45.0,90.0,90.0,45.0,0.3501225377371038,0.269715558485924
206,45.0,90.0,0.0,45.0,0.0,45.0,45.0,0.0,0.0,0.0683493772527195,0.7000620114647768
207,90.0,90.0,45.0,45.0,45.0,0.0,45.0,90.0,90.0,0.35473424709727763,0.2565569976052289
208,90.0,45.0,45.0,0.0,45.0,0.0,45.0,90.0,0.0,0.8096244235606649,0.9571640656912141
209,45.0,45.0,90.0,45.0,45.0,45.0,90.0,45.0,45.0,0.2350082098284877,0.8976150644044
210,90.0,90.0,0.0,90.0,45.0,45.0,45.0,90.0,0.0,0.4441333801534383,0.7524960904574283
211,45.0,45.0,45.0,45.0,45.0,45.0,45.0,90.0,45.0,0.37275168631095557,0.7683951840481574
212,45.0,45.0,0.0,0.0,45.0,0.0,45.0,0.0,90.0,0.7936989338986135,0.495447552389099
213,0.0,0.0,45.0,45.0,0.0,90.0,0.0,45.0,90.0,0.6115377776543772,0.11356533947856884
214,0.0,45.0,90.0,90.0,90.0,45.0,45.0,45.0,0.0,0.2668097662880379,0.646063147630296
215,45.0,45.0,45.0,45.0,0.0,45.0,45.0,0.0,45.0,0.10374920703289969,0.48028748653564046
216,0.0,90.0,0.0,90.0,0.0,45.0,0.0,0.0,45.0,0.7312884704606789,0.12097074005395003
217,90.0,45.0,45.0,90.0,0.0,45.0,45.0,45.0,45.0,0.2938115990103304,0.5632364761464682
218,45.0,90.0,45.0,90.0,45.0,45.0,0.0,90.0,90.0,0.3168965297403711,0.6787111040239588
219,45.0,0.0,45.0,45.0,45.0,0.0,0.0,0.0,90.0,0.9503345879695544,0.4284468218601404
220,45.0,0.0,45.0,45.0,0.0,45.0,45.0,45.0,0.0,0.8512903454333929,0.8959905579362247
221,45.0,90.0,90.0,0.0,45.0,45.0,45.0,45.0,0.0,0.6020367737883111,0.7311464954788116
222,90.0,0.0,45.0,90.0,45.0,90.0,0.0,0.0,0.0,0.4269565080166613,0.8552546694314574
223,90.0,0.0,90.0,90.0,45.0,45.0,0.0,45.0,90.0,0.6460879804506278,0.34600280719880594
224,90.0,45.0,0.0,90.0,0.0,45.0,0.0,90.0,45.0,0.34155147617892545,0.9400101787471724
225,45.0,45.0,45.0,90.0,90.0,0.0,90.0,45.0,0.0,0.4972102411754661,0.7421750746971303
226,0.0,45.0,90.0,45.0,45.0,45.0,90.0,45.0,45.0,0.3340733406249832,0.5099576391084198
227,0.0,45.0,45.0,90.0,0.0,0.0,45.0,45.0,45.0,0.25973469545045746,0.8730660547253453
228,45.0,90.0,90.0,90.0,45.0,45.0,45.0,90.0,0.0,0.848454048054976,0.7207861345876221
229,45.0,45.0,45.0,0.0,45.0,90.0,45.0,45.0,0.0,0.5854900010295208,0.9918055053665314
230,45.0,0.0,45.0,0.0,90.0,90.0,90.0,45.0,45.0,0.8119320948573708,0.5944277445349906
231,45.0,45.0,0.0,45.0,0.0,45.0,45.0,45.0,45.0,0.27913881099471494,0.1441525818839292
232,45.0,45.0,45.0,90.0,90.0,0.0,0.0,45.0,45.0,0.38605760697601255,0.10772502191173527
233,0.0,45.0,45.0,45.0,45.0,45.0,0.0,45.0,45.0,0.3411002444177176,0.9807718363986031
234,0.0,45.0,0.0,0.0,0.0,90.0,45.0,45.0,0.0,0.15076595411139626,0.8113764447041428
235,45.0,0.0,45.0,45.0,45.0,45.0,0.0,45.0,45.0,0.8981590848947172,0.19129799274020653
236,45.0,45.0,45.0,0.0,45.0,0.0,90.0,90.0,45.0,0.26354943902795913,0.6405867089979365
237,0.0,90.0,45.0,0.0,0.0,90.0,45.0,45.0,45.0,0.5157621314413922,0.8058527879096763
238,45.0,45.0,45.0,45.0,45.0,90.0,0.0,45.0,45.0,0.29295001483939986,0.3167465686712765
239,0.0,45.0,90.0,0.0,90.0,45.0,45.0,0.0,90.0,0.7463525758018892,0.41826577365668627
240,90.0,0.0,45.0,90.0,90.0,90.0,45.0,45.0,90.0,0.6770379824593616,0.0017929629817979853
241,45.0,0.0,45.0,0.0,90.0,45.0,45.0,90.0,45.0,0.9749355145678191,0.273455590818095
242,0.0,45.0,45.0,45.0,0.0,45.0,45.0,45.0,45.0,0.3323471391689399,0.7162460789386578
243,0.0,90.0,45.0,90.0,45.0,45.0,90.0,90.0,0.0,0.08800501078041145,0.1755674427007584
244,0.0,0.0,0.0,90.0,0.0,45.0,45.0,0.0,45.0,0.5572096895215134,0.8628749868296532
245,0.0,0.0,90.0,45.0,45.0,45.0,45.0,90.0,90.0,0.4271901962241036,0.8921727645920895
246,45.0,0.0,45.0,45.0,45.0,90.0,0.0,45.0,45.0,0.2861378287251807,0.7425100700707976
247,0.0,90.0,0.0,45.0,90.0,90.0,45.0,0.0,45.0,0.6907899113093985,0.7495120166926582
248,90.0,45.0,45.0,45.0,45.0,90.0,0.0,45.0,45.0,0.6517646162147641,0.44063997236603947
249,0.0,0.0,0.0,90.0,90.0,90.0,45.0,45.0,45.0,0.8517296293071691,0.6610826917112117
250,0.0,45.0,0.0,0.0,0.0,0.0,0.0,0.0,0.0,0.34477331437422276,0.4490784153120805
251,45.0,45.0,45.0,45.0,45.0,90.0,0.0,0.0,45.0,0.6682823293434073,0.8574989777282599
252,45.0,45.0,90.0,45.0,45.0,45.0,0.0,0.0,45.0,0.12224736487411125,0.8605479988382398
253,90.0,0.0,90.0,45.0,45.0,90.0,45.0,90.0,0.0,0.4787914657309761,0.4111758561973097
254,45.0,45.0,45.0,45.0,45.0,45.0,45.0,90.0,90.0,0.21273270662034272,0.9559259198220758
255,45.0,45.0,45.0,45.0,90.0,90.0,0.0,45.0,90.0,0.5954363881198187,0.21366363418950862
256,45.0,90.0,45.0,45.0,0.0,90.0,45.0,0.0,90.0,0.3859323442108621,0.7672077141493242
257,90.0,45.0,45.0,0.0,90.0,0.0,45.0,45.0,45.0,0.4694212603746175,0.4562658759415079
258,45.0,0.0,45.0,45.0,45.0,45.0,90.0,45.0,45.0,0.0996765961032865,0.2645545562675139
259,45.0,0.0,45.0,45.0,0.0,45.0,45.0,45.0,0.0,0.9741506595039896,0.3665115454539991
260,90.0,90.0,45.0,45.0,45.0,90.0,45.0,90.0,0.0,0.9608760870200032,0.20700782522562622
261,45.0,45.0,45.0,0.0,90.0,45.0,45.0,45.0,45.0,0.9310052656421385,0.2506451100168019
262,45.0,90.0,90.0,90.0,0.0,0.0,90.0,0.0,90.0,0.3972430474110997,0.3442196103003141
263,90.0,90.0,45.0,90.0,90.0,90.0,45.0,45.0,45.0,0.4726845949296069,0.2800911285379679
264,90.0,45.0,0.0,45.0,0.0,45.0,45.0,0.0,45.0,0.2510078023464415,0.7139110271223673
265,90.0,90.0,45.0,0.0,45.0,45.0,0.0,90.0,90.0,0.13177385511078843,0.08618500989485345
266,45.0,45.0,0.0,45.0,0.0,90.0,0.0,45.0,45.0,0.35933273946654976,0.7421528577550495
267,45.0,45.0,90.0,45.0,45.0,0.0,45.0,45.0,0.0,0.8560653739887671,0.1515799645413437
268,45.0,0.0,45.0,45.0,90.0,45.0,0.0,0.0,45.0,0.079291062473142,0.049669684750236365
269,0.0,45.0,45.0,0.0,45.0,45.0,45.0,45.0,90.0,0.20437095539120864,0.4323628005993776
270,90.0,0.0,45.0,90.0,45.0,90.0,45.0,45.0,0.0,0.9100498415935008,0.33388994027663377
271,45.0,45.0,45.0,45.0,45.0,0.0,45.0,0.0,90.0,0.8300297776711328,0.6385081158537605
272,0.0,0.0,0.0,90.0,0.0,45.0,45.0,45.0,90.0,0.2667560304441461,0.0805335078489755
273,0.0,90.0,0.0,90.0,90.0,45.0,0.0,90.0,0.0,0.6968305325447849,0.6425165589823194
274,45.0,90.0,0.0,45.0,0.0,0.0,0.0,0.0,45.0,0.4044278992437358,0.7408666300596841
275,90.0,45.0,45.0,45.0,45.0,45.0,45.0,45.0,45.0,0.1364864524515913,0.9580837599073249
276,45.0,45.0,45.0,45.0,45.0,90.0,90.0,0.0,45.0,0.578641773066917,0.8078038885070303
277,45.0,90.0,90.0,45.0,90.0,0.0,90.0,90.0,45.0,0.15132466833421,0.19111222451907783
278,45.0,45.0,0.0,0.0,45.0,45.0,90.0,90.0,90.0,0.8697706146504403,0.5615557296241274
279,90.0,0.0,45.0,45.0,45.0,45.0,90.0,45.0,90.0,0.41727030390734676,0.9193900208199499
280,45.0,45.0,90.0,45.0,0.0,45.0,45.0,45.0,90.0,0.8614250966928632,0.5502812492432865
281,0.0,45.0,90.0,90.0,45.0,90.0,90.0,0.0,45.0,0.7797218512948262,0.9961969672368798
282,45.0,0.0,0.0,0.0,45.0,90.0,0.0,90.0,45.0,0.2863802092153255,0.03514560732898053
283,45.0,0.0,0.0,0.0,90.0,45.0,90.0,45.0,90.0,0.4679186111868566,0.6633893575272927
284,90.0,90.0,45.0,45.0,90.0,45.0,45.0,45.0,45.0,0.3465272966178279,0.4154730395427707
285,45.0,45.0,45.0,45.0,45.0,90.0,0.0,45.0,0.0,0.08344372273406431,0.7476363804146243
286,45.0,45.0,45.0,45.0,45.0,0.0,45.0,90.0,90.0,0.8914102785295124,0.5290564387904529
287,0.0,0.0,0.0,90.0,90.0,0.0,45.0,45.0,90.0,0.4439898841835195,0.0997735544304631
288,0.0,45.0,90.0,45.0,45.0,45.0,90.0,45.0,90.0,0.21070280831000077,0.3675353662949624
289,45.0,45.0,45.0,0.0,45.0,45.0,45.0,45.0,0.0,0.09371839463280418,0.8518282956415804
290,45.0,90.0,45.0,90.0,45.0,45.0,90.0,90.0,90.0,0.44919410022718886,0.8421467035092841
291,0.0,90.0,90.0,90.0,45.0,45.0,0.0,0.0,0.0,0.9706736390092435,0.15464324278332997
292,90.0,90.0,0.0,90.0,45.0,45.0,0.0,45.0,90.0,0.9449907121648119,0.9402522059464515
293,45.0,0.0,90.0,90.0,45.0,45.0,0.0,0.0,45.0,0.934296313281721,0.6587299928963385
294,45.0,45.0,0.0,45.0,90.0,0.0,45.0,45.0,90.0,0.12803023973857908,0.20252311461992767
295,90.0,45.0,45.0,45.0,45.0,45.0,90.0,45.0,45.0,0.05091820307721695,0.07251025770098352
296,45.0,0.0,45.0,0.0,90.0,45.0,45.0,90.0,0.0,0.8994991076331663,0.5250687372961388
297,90.0,90.0,90.0,0.0,90.0,90.0,90.0,45.0,90.0,0.5927876800822689,0.22986712600485681
298,45.0,45.0,45.0,45.0,45.0,45.0,90.0,45.0,90.0,0.9016254203268355,0.9808682599123966
299,90.0,90.0,0.0,45.0,0.0,45.0,45.0,0.0,45.0,0.4468254985246126,0.9474412626011339
300,0.0,90.0,0.0,45.0,90.0,0.0,90.0,45.0,45.0,0.5164269643064067,0.609597048833283
301,45.0,0.0,90.0,0.0,45.0,90.0,90.0,90.0,45.0,0.7117279470839817,0.4045066604012124
302,90.0,0.0,45.0,0.0,0.0,90.0,0.0,45.0,45.0,0.6007718862191908,0.6268653728053329
303,45.0,0.0,45.0,45.0,0.0,90.0,0.0,0.0,90.0,0.41434893394126204,0.1452445058738362
304,0.0,45.0,0.0,0.0,45.0,90.0,45.0,45.0,45.0,0.14945869518671762,0.39501209327030196
305,45.0,0.0,45.0,0.0,45.0,45.0,45.0,45.0,90.0,0.6264116148136457,0.15125172238143558
306,45.0,45.0,0.0,45.0,45.0,45.0,45.0,45.0,45.0,0.05607151291912804,0.7676736660736528
307,45.0,90.0,45.0,90.0,45.0,45.0,45.0,90.0,45.0,0.12366069953030212,0.07639042166986387
308,90.0,0.0,90.0,0.0,45.0,0.0,0.0,0.0,0.0,0.5341140535159282,0.2508680924460722
309,45.0,45.0,45.0,0.0,45.0,0.0,45.0,45.0,45.0,0.29603362954621903,0.3820729416989168
310,45.0,0.0,45.0,0.0,0.0,90.0,45.0,45.0,0.0,0.7045244272529861,0.7404224363830866
311,45.0,90.0,45.0,45.0,45.0,90.0,0.0,45.0,45.0,0.31294014307398743,0.44346465105487765
312,45.0,0.0,45.0,45.0,90.0,45.0,90.0,90.0,45.0,0.4107352800819145,0.06383648608336356
313,90.0,0.0,0.0,90.0,90.0,45.0,45.0,45.0,45.0,0.9530480891384482,0.25736167115134856
314,45.0,90.0,0.0,0.0,90.0,0.0,45.0,45.0,0.0,0.8503892162465253,0.07839209507145328
315,45.0,0.0,45.0,90.0,0.0,45.0,90.0,0.0,0.0,0.9657288077157956,0.9344779973362288
316,45.0,45.0,0.0,45.0,90.0,90.0,45.0,0.0,45.0,0.5454972755724118,0.4462213309141141
317,0.0,0.0,45.0,45.0,90.0,90.0,45.0,45.0,45.0,0.09482836308936204,0.892193601033566
318,45.0,0.0,0.0,90.0,0.0,45.0,45.0,45.0,45.0,0.857676807624278,0.37975179535127734
319,90.0,0.0,90.0,90.0,0.0,90.0,90.0,90.0,45.0,0.7710409575199747,0.08209110954768095
320,0.0,90.0,0.0,45.0,90.0,45.0,45.0,90.0,0.0,0.9168908859150162,0.04829443023660851
321,45.0,90.0,0.0,0.0,45.0,0.0,45.0,0.0,45.0,0.6713066814922957,0.6539694130568715
322,45.0,0.0,45.0,90.0,0.0,0.0,0.0,90.0,45.0,0.5829776874862663,0.20337447131065112
323,45.0,45.0,90.0,45.0,0.0,45.0,0.0,45.0,45.0,0.424475479841934,0.12612815879770578
324,45.0,45.0,45.0,0.0,0.0,45.0,45.0,0.0,45.0,0.6926085020333316,0.6304580687965317
325,90.0,90.0,0.0,0.0,0.0,90.0,45.0,45.0,90.0,0.4651827611550762,0.30194612936345644
326,0.0,45.0,0.0,45.0,45.0,0.0,45.0,45.0,45.0,0.36983134230951,0.19592646834685012
327,0.0,45.0,0.0,45.0,45.0,45.0,0.0,90.0,0.0,0.5474262830698743,0.49871392932137004
328,0.0,45.0,45.0,45.0,45.0,45.0,0.0,45.0,0.0,0.2251859908889241,0.07721833202774842
329,0.0,0.0,45.0,0.0,45.0,45.0,0.0,0.0,0.0,0.27589757973802564,0.3694479254767009
330,0.0,45.0,45.0,45.0,45.0,45.0,45.0,45.0,45.0,0.9460728805047629,0.6617494289950274
331,0.0,90.0,90.0,90.0,45.0,45.0,90.0,45.0,0.0,0.16909102382961871,0.916760901187123
332,45.0,90.0,0.0,45.0,0.0,45.0,0.0,0.0,90.0,0.7303792020614722,0.3249353036670941
333,0.0,45.0,0.0,45.0,45.0,90.0,0.0,45.0,45.0,0.5221669269734385,0.45529999605704075
334,45.0,90.0,90.0,45.0,45.0,45.0,90.0,45.0,45.0,0.34739619858071635,0.08787659089590727
335,0.0,0.0,0.0,45.0,45.0,45.0,45.0,90.0,45.0,0.9673364028458644,0.8241888233311512
336,45.0,45.0,0.0,90.0,45.0,45.0,45.0,90.0,45.0,0.05940440975626171,0.6111842781375919
337,45.0,0.0,90.0,45.0,45.0,90.0,0.0,90.0,45.0,0.1882779896826311,0.1424430541153271
338,45.0,90.0,90.0,90.0,45.0,0.0,45.0,90.0,45.0,0.4040889455207438,0.7896167601653226
339,45.0,45.0,0.0,0.0,0.0,0.0,90.0,90.0,45.0,0.45415658748020804,0.258214036899418
340,45.0,45.0,0.0,45.0,0.0,45.0,90.0,45.0,90.0,0.44731017157951836,0.4457585567403013
341,0.0,90.0,90.0,45.0,45.0,0.0,45.0,45.0,90.0,0.4375631835257914,0.8800875625118768
342,45.0,90.0,90.0,90.0,90.0,45.0,45.0,90.0,90.0,0.8253482287118902,0.6870936441496779
343,45.0,90.0,0.0,0.0,90.0,45.0,45.0,0.0,90.0,0.6988271993119464,0.6215334247605623
344,45.0,0.0,45.0,45.0,90.0,45.0,0.0,0.0,0.0,0.4038383432482725,0.4602342351885754
345,45.0,45.0,45.0,90.0,0.0,90.0,0.0,90.0,45.0,0.6064208932253262,0.4952506715313594
346,90.0,45.0,90.0,90.0,45.0,0.0,90.0,90.0,45.0,0.71947694267695,0.05048685660227192
347,45.0,45.0,45.0,0.0,45.0,90.0,45.0,45.0,90.0,0.8052461884813507,0.489715305733885
348,0.0,45.0,90.0,45.0,0.0,90.0,90.0,45.0,90.0,0.3060646410704816,0.5526683519943223
349,45.0,0.0,45.0,90.0,0.0,45.0,0.0,0.0,90.0,0.047341279911109924,0.11543595316073407
350,45.0,45.0,45.0,45.0,45.0,45.0,0.0,0.0,45.0,0.47217051933158893,0.7066629778450894
351,90.0,0.0,45.0,45.0,45.0,45.0,0.0,90.0,45.0,0.13243173063321567,0.3920757599503115
352,45.0,90.0,45.0,90.0,90.0,45.0,45.0,90.0,0.0,0.7987644269400798,0.4974995842180594
353,45.0,45.0,45.0,45.0,45.0,0.0,45.0,45.0,0.0,0.38865427284603804,0.03383393180445626
354,45.0,90.0,45.0,45.0,45.0,45.0,90.0,45.0,90.0,0.6955924370234444,0.37776466471019543
355,90.0,45.0,90.0,45.0,45.0,0.0,45.0,90.0,0.0,0.8448611499753876,0.5932572019119653
356,45.0,45.0,0.0,45.0,45.0,90.0,45.0,45.0,45.0,0.9306085292582136,0.8571322475017943
357,0.0,90.0,45.0,90.0,0.0,0.0,0.0,45.0,0.0,0.7858122841628713,0.8850987482944116
358,45.0,45.0,45.0,90.0,90.0,0.0,0.0,45.0,0.0,0.7527931939151522,0.3179168461364684
359,45.0,45.0,45.0,45.0,45.0,45.0,45.0,0.0,0.0,0.7721066542514675,0.16235991517350945
360,45.0,0.0,90.0,90.0,0.0,45.0,0.0,0.0,0.0,0.5237641012310967,0.1856835566638383
361,90.0,45.0,0.0,0.0,45.0,45.0,45.0,45.0,0.0,0.0036066075438059286,0.9680580993137007
362,45.0,90.0,45.0,45.0,0.0,90.0,0.0,45.0,90.0,0.8788788749558976,0.3540399273661893
363,45.0,90.0,90.0,45.0,45.0,45.0,45.0,45.0,90.0,0.7743679237002468,0.45248678057791747
364,90.0,45.0,45.0,45.0,45.0,45.0,90.0,0.0,90.0,0.11744710286261362,0.7647498883806139
365,0.0,0.0,90.0,0.0,0.0,90.0,45.0,0.0,45.0,0.24951151202209998,0.5406772659725009
366,45.0,90.0,90.0,45.0,90.0,90.0,90.0,90.0,45.0,0.6836388099761543,0.12247732244921339
367,0.0,45.0,45.0,45.0,90.0,90.0,45.0,45.0,0.0,0.8330920335218206,0.3424378468124393
368,0.0,45.0,45.0,90.0,45.0,0.0,45.0,45.0,45.0,0.7427644912908662,0.6744268841243724
369,0.0,0.0,90.0,45.0,45.0,45.0,45.0,0.0,0.0,0.3127687596037563,0.8395624100283852
370,90.0,45.0,45.0,0.0,0.0,45.0,90.0,90.0,90.0,0.03933939059540248,0.8058784086674355
371,0.0,45.0,45.0,45.0,45.0,45.0,45.0,45.0,45.0,0.38764514934777416,0.6933442756060171
372,45.0,45.0,90.0,0.0,0.0,45.0,90.0,45.0,0.0,0.01854333578475309,0.1055063897998717
373,45.0,45.0,0.0,45.0,90.0,0.0,45.0,45.0,45.0,0.8547066197407339,0.8302010317843213
374,45.0,45.0,45.0,45.0,45.0,0.0,45.0,0.0,45.0,0.41846831975063714,0.3074725922980198
375,45.0,45.0,90.0,45.0,45.0,0.0,90.0,90.0,45.0,0.33896698008748727,0.20342394920773932
376,90.0,45.0,0.0,0.0,45.0,90.0,0.0,45.0,45.0,0.9416671505909084,0.06330247688949897
377,90.0,45.0,90.0,45.0,90.0,0.0,45.0,45.0,0.0,0.3066733669209153,0.3034309434619068
378,0.0,90.0,0.0,90.0,45.0,45.0,0.0,0.0,90.0,0.8549712927055813,0.1635456683113884
379,45.0,45.0,90.0,90.0,90.0,45.0,45.0,45.0,90.0,0.14290791684753978,0.06899977729700879
380,45.0,0.0,45.0,90.0,90.0,90.0,45.0,90.0,90.0,0.7204238189516211,0.17028223639323592
381,90.0,45.0,90.0,45.0,45.0,45.0,0.0,0.0,45.0,0.6068568997339715,0.384383618468483
382,0.0,90.0,45.0,45.0,45.0,0.0,45.0,0.0,45.0,0.7513951567095255,0.3815772740578973
383,90.0,45.0,45.0,45.0,45.0,90.0,90.0,45.0,90.0,0.731487043368419,0.0050230944856353155
384,45.0,45.0,45.0,45.0,0.0,90.0,90.0,45.0,45.0,0.5809420506059475,0.6200376616094643
385,45.0,45.0,90.0,45.0,90.0,45.0,45.0,0.0,0.0,0.034584264250272945,0.9579698039327855
386,90.0,90.0,0.0,45.0,45.0,0.0,45.0,45.0,45.0,0.9166282390400372,0.9388427823976437
387,45.0,45.0,45.0,90.0,90.0,90.0,45.0,0.0,0.0,0.24404600558078482,0.3694823731879697
388,45.0,45.0,0.0,0.0,45.0,0.0,45.0,45.0,45.0,0.36385754624832367,0.9608819308823836
389,90.0,45.0,45.0,45.0,0.0,0.0,0.0,0.0,45.0,0.6836456634148581,0.8194506204027461
390,45.0,90.0,90.0,45.0,45.0,90.0,45.0,90.0,45.0,0.572614751301133,0.9657388278940624
391,0.0,45.0,90.0,90.0,45.0,45.0,45.0,45.0,45.0,0.3924041188911086,0.5166545232688344
392,90.0,90.0,90.0,0.0,0.0,45.0,90.0,90.0,45.0,0.6182795657234952,0.6293258431239669
393,90.0,0.0,0.0,90.0,45.0,0.0,90.0,45.0,45.0,0.48296226723836877,0.8777041289838549
394,45.0,0.0,45.0,45.0,45.0,90.0,45.0,0.0,45.0,0.9617219875021293,0.9220845633823558
395,45.0,0.0,45.0,0.0,90.0,0.0,0.0,90.0,45.0,0.9134400031121462,0.8573742133932114
396,45.0,90.0,45.0,0.0,90.0,45.0,45.0,90.0,90.0,0.6720384865031457,0.5929399139130167
397,0.0,45.0,45.0,0.0,90.0,45.0,45.0,45.0,45.0,0.31998356160468744,0.43442104897321276
398,45.0,0.0,0.0,45.0,45.0,45.0,45.0,45.0,45.0,0.7217817019108718,0.6331601260152997
399,0.0,90.0,0.0,90.0,45.0,45.0,45.0,90.0,90.0,0.7965729109371208,0.31160031033867397
400,45.0,45.0,45.0,0.0,90.0,90.0,90.0,0.0,45.0,0.5831288236125849,0.8532678725842542
401,0.0,45.0,90.0,90.0,45.0,45.0,45.0,45.0,45.0,0.48404402107954403,0.2758907531197876
402,45.0,90.0,90.0,90.0,0.0,45.0,90.0,45.0,0.0,0.7296446678919639,0.3547651360809263
403,90.0,90.0,45.0,0.0,90.0,45.0,45.0,45.0,45.0,0.6428427803148189,0.9217462557533505
404,0.0,45.0,45.0,0.0,45.0,90.0,45.0,45.0,0.0,0.3030645961014842,0.1930915945170475
405,0.0,45.0,90.0,45.0,45.0,0.0,45.0,45.0,0.0,0.3485662008275069,0.8374588061744648
406,45.0,45.0,90.0,45.0,0.0,90.0,45.0,45.0,45.0,0.03240493880936701,0.7073233565974234
407,45.0,45.0,0.0,45.0,0.0,90.0,45.0,0.0,45.0,0.5546895770154191,0.5383051722687321
408,45.0,45.0,90.0,45.0,45.0,90.0,45.0,45.0,0.0,0.20448443719696163,0.19402977340138816
409,45.0,45.0,45.0,45.0,45.0,45.0,45.0,90.0,0.0,0.40952578736387446,0.3631767241497956
410,0.0,90.0,90.0,0.0,45.0,45.0,90.0,45.0,45.0,0.27190028753742423,0.5787832885089478
411,45.0,45.0,90.0,90.0,0.0,45.0,0.0,0.0,45.0,0.5985036800720762,0.5461389850048469
412,45.0,45.0,0.0,45.0,90.0,45.0,45.0,0.0,45.0,0.38483426310657487,0.42924137945929985
413,90.0,45.0,90.0,45.0,90.0,45.0,90.0,45.0,0.0,0.3664569698578283,0.15985849191410817
414,45.0,0.0,45.0,90.0,45.0,0.0,0.0,0.0,90.0,0.09755762055031314,0.2510806941349054
415,90.0,0.0,90.0,0.0,45.0,45.0,45.0,0.0,0.0,0.018881066556425852,0.5856856062769341
416,45.0,90.0,45.0,45.0,45.0,45.0,0.0,45.0,0.0,0.0019015816974131683,0.4319041353482176
417,0.0,45.0,0.0,0.0,45.0,45.0,45.0,0.0,0.0,0.4436515625348778,0.25936467860708723
418,90.0,45.0,45.0,90.0,0.0,45.0,45.0,0.0,90.0,0.2909602640721415,0.7653587835934897
419,45.0,90.0,0.0,90.0,45.0,45.0,45.0,45.0,45.0,0.9483684648884336,0.3212473147104812
420,45.0,0.0,45.0,0.0,45.0,45.0,45.0,45.0,45.0,0.9940305937157801,0.13663118088006243
421,45.0,45.0,90.0,90.0,90.0,0.0,45.0,45.0,45.0,0.255007409602272,0.1632075145719617
422,45.0,45.0,45.0,45.0,45.0,90.0,45.0,45.0,45.0,0.6879017815089553,0.387772574302067
423,0.0,90.0,0.0,90.0,90.0,0.0,0.0,90.0,0.0,0.5708233604748796,0.0024466339953380656
424,90.0,45.0,45.0,0.0,0.0,45.0,90.0,45.0,45.0,0.2512356814533627,0.8294016172889148
425,45.0,45.0,0.0,45.0,45.0,45.0,45.0,45.0,45.0,0.8318973573649172,0.18317206676228515
426,90.0,90.0,0.0,45.0,45.0,90.0,90.0,45.0,90.0,0.18265557933836463,0.5177906522203471
427,45.0,45.0,45.0,0.0,90.0,45.0,45.0,45.0,90.0,0.7685449074674056,0.2770863808465577
428,45.0,0.0,0.0,45.0,90.0,45.0,45.0,0.0,45.0,0.7845731119262547,0.7221222070994686
429,0.0,45.0,45.0,45.0,45.0,90.0,45.0,0.0,0.0,0.016615521469330208,0.5649623007584395
430,0.0,0.0,0.0,0.0,0.0,45.0,0.0,45.0,45.0,0.5855588196072228,0.504147898358823
431,45.0,45.0,45.0,0.0,45.0,45.0,90.0,90.0,45.0,0.581284743929057,0.3829443257780998
432,0.0,90.0,0.0,0.0,45.0,45.0,90.0,45.0,45.0,0.09869299268300347,0.9955656766499191
433,45.0,90.0,45.0,45.0,90.0,0.0,45.0,90.0,45.0,0.6606386550107887,0.28058490272641234
434,0.0,45.0,45.0,0.0,45.0,0.0,0.0,90.0,90.0,0.08593420179564815,0.2917435980641948
435,90.0,45.0,45.0,45.0,45.0,90.0,45.0,45.0,0.0,0.41627630381679404,0.4671156970933935
436,90.0,45.0,45.0,0.0,90.0,0.0,90.0,45.0,90.0,0.25308997029927927,0.0876083224366686
437,0.0,0.0,45.0,45.0,0.0,45.0,0.0,45.0,0.0,0.9569240475451528,0.9873684664789923
438,45.0,90.0,0.0,45.0,90.0,45.0,45.0,45.0,45.0,0.27519207774570964,0.9322479859792302
439,0.0,45.0,45.0,45.0,90.0,45.0,90.0,90.0,90.0,0.004411271317867005,0.667291751280461
440,45.0,45.0,90.0,45.0,90.0,0.0,45.0,45.0,45.0,0.5396366469855357,0.5238769038823969
441,90.0,45.0,45.0,90.0,90.0,45.0,0.0,45.0,0.0,0.8277236947904639,0.5859218028685601
442,45.0,45.0,90.0,90.0,45.0,45.0,90.0,45.0,45.0,0.04637244635887505,0.6473955515601284
443,90.0,90.0,45.0,45.0,45.0,45.0,90.0,0.0,45.0,0.3044560824384278,0.6694251638210531
444,45.0,45.0,90.0,90.0,90.0,45.0,45.0,0.0,45.0,0.36041337120903716,0.6406559316857364
445,90.0,45.0,45.0,45.0,45.0,90.0,90.0,90.0,45.0,0.10595001049870945,0.09374153252602635
446,0.0,90.0,45.0,90.0,90.0,45.0,90.0,45.0,45.0,0.6654617950707546,0.9784645836383087
447,90.0,45.0,90.0,45.0,0.0,45.0,90.0,0.0,0.0,0.9622659855499578,0.6438167465717832
448,45.0,45.0,0.0,90.0,0.0,0.0,45.0,90.0,90.0,0.4140166254814749,0.879906185116318
449,45.0,45.0,45.0,45.0,45.0,45.0,45.0,45.0,45.0,0.6889141486822443,0.4523304225151593
450,45.0,90.0,45.0,0.0,90.0,0.0,45.0,0.0,45.0,0.3496037185762688,0.6471746696692936
451,90.0,0.0,90.0,90.0,45.0,45.0,0.0,90.0,45.0,0.7451732103650524,0.04614715582597262
452,90.0,45.0,0.0,45.0,0.0,0.0,0.0,0.0,45.0,0.1333662260127143,0.2710580417439826
453,0.0,90.0,0.0,45.0,45.0,90.0,90.0,45.0,0.0,0.5428657846768407,0.47109102929398816
454,0.0,45.0,90.0,45.0,90.0,0.0,90.0,45.0,0.0,0.15163613593004943,0.6835348825031213
455,45.0,90.0,0.0,45.0,45.0,45.0,45.0,45.0,45.0,0.6214606774196793,0.37604706134518584
456,45.0,45.0,45.0,45.0,45.0,0.0,90.0,0.0,0.0,0.12863506950683268,0.7312783511204156
457,45.0,45.0,45.0,90.0,45.0,45.0,0.0,45.0,0.0,0.24264557904221584,0.09656512469267042
458,90.0,45.0,90.0,45.0,45.0,0.0,45.0,90.0,0.0,0.7136787584501799,0.6738158280110206
459,45.0,0.0,45.0,45.0,45.0,0.0,45.0,45.0,45.0,0.21027591156372016,0.20994744503155605
460,45.0,90.0,45.0,45.0,45.0,0.0,45.0,0.0,45.0,0.5927851828456262,0.7087943449351842
461,45.0,45.0,45.0,0.0,90.0,45.0,45.0,0.0,0.0,0.7409408925633367,0.30109895436589185
462,0.0,45.0,45.0,45.0,45.0,45.0,0.0,0.0,45.0,0.9536891349811346,0.2885458972648416
463,90.0,45.0,90.0,0.0,0.0,0.0,45.0,0.0,45.0,0.9788602359491291,0.9324264295971832
464,0.0,45.0,0.0,90.0,45.0,45.0,90.0,0.0,45.0,0.5068938598467446,0.6319502856897877
465,0.0,45.0,0.0,90.0,90.0,45.0,45.0,0.0,45.0,0.06491002744541252,0.18600444657463966
466,45.0,45.0,90.0,90.0,45.0,0.0,0.0,45.0,45.0,0.23254020816907683,0.137464090736921
467,45.0,45.0,45.0,45.0,45.0,45.0,90.0,90.0,0.0,0.18165278984899946,0.13993355380526473
468,45.0,90.0,45.0,45.0,0.0,45.0,45.0,90.0,90.0,0.6277764254915789,0.9837264731412865
469,0.0,0.0,45.0,45.0,45.0,90.0,90.0,45.0,90.0,0.3358091004950995,0.5300810300971964
470,90.0,45.0,45.0,45.0,0.0,90.0,90.0,45.0,45.0,0.8589527093007817,0.32327641214065317
471,0.0,90.0,45.0,45.0,45.0,45.0,0.0,90.0,0.0,0.26377594101618285,0.5348162141794999
472,45.0,90.0,90.0,90.0,45.0,45.0,90.0,45.0,45.0,0.8090657626040859,0.6221355975596407
473,0.0,90.0,0.0,90.0,90.0,45.0,45.0,45.0,90.0,0.3128073630411471,0.5394726350016557
474,45.0,45.0,90.0,90.0,45.0,0.0,90.0,45.0,90.0,0.5529919817792813,0.07616346822891784
475,45.0,45.0,45.0,0.0,45.0,45.0,90.0,45.0,45.0,0.38576060118853184,0.06565293295388985
476,0.0,45.0,90.0,90.0,0.0,90.0,45.0,45.0,45.0,0.11226688958475584,0.5209781053273513
477,45.0,0.0,45.0,45.0,90.0,0.0,0.0,45.0,45.0,0.7418920223750194,0.9551054556778373
478,0.0,90.0,45.0,90.0,45.0,45.0,45.0,45.0,45.0,0.577559556283952,0.7186280369044227
479,45.0,0.0,45.0,45.0,45.0,45.0,90.0,0.0,90.0,0.6279248851222287,0.6146643644217341
480,90.0,45.0,45.0,45.0,0.0,0.0,45.0,45.0,45.0,0.32629073481055004,0.2514383400062943
481,90.0,0.0,0.0,0.0,0.0,0.0,90.0,45.0,90.0,0.7100272648821673,0.49056301509312206
482,0.0,45.0,0.0,0.0,45.0,0.0,45.0,0.0,0.0,0.9700210412333546,0.7502132144425282
483,45.0,45.0,0.0,45.0,45.0,45.0,45.0,45.0,90.0,0.9425072380124401,0.7257497681305671
484,90.0,45.0,45.0,90.0,45.0,45.0,90.0,0.0,45.0,0.34986297738800154,0.7575902305242498
485,0.0,45.0,0.0,45.0,45.0,45.0,0.0,45.0,90.0,0.44523567038620704,0.12747707150455312
486,90.0,0.0,45.0,45.0,45.0,0.0,45.0,90.0,45.0,0.5387452046523787,0.3768929792121166
487,45.0,90.0,0.0,45.0,45.0,45.0,45.0,45.0,45.0,0.11077831286661777,0.22170531958392592
488,0.0,90.0,45.0,90.0,0.0,45.0,0.0,90.0,45.0,0.8622728638404892,0.07122524753235315
489,45.0,0.0,45.0,90.0,45.0,90.0,45.0,45.0,0.0,0.15056054343514347,0.9942463146517991
490,0.0,90.0,45.0,45.0,45.0,0.0,45.0,90.0,45.0,0.5096851567348871,0.9049643841409114
491,45.0,0.0,45.0,45.0,0.0,90.0,0.0,90.0,45.0,0.5607301206435805,0.46852865415123135
492,90.0,45.0,0.0,45.0,90.0,90.0,90.0,45.0,45.0,0.9370281591021602,0.11785366711501577
493,90.0,90.0,45.0,45.0,0.0,90.0,45.0,45.0,0.0,0.3709192739390865,0.056666218116085076
494,0.0,90.0,45.0,0.0,90.0,90.0,0.0,0.0,45.0,0.1381241135825214,0.40922032791128926
495,90.0,45.0,45.0,45.0,45.0,90.0,45.0,45.0,45.0,0.3708946134865758,0.05972488897429706
496,45.0,0.0,0.0,90.0,45.0,45.0,90.0,0.0,45.0,0.6389030385797382,0.1002635583488779
497,45.0,45.0,45.0,45.0,45.0,45.0,0.0,0.0,45.0,0.687582285273693,0.4322643210127727
498,90.0,45.0,45.0,0.0,0.0,0.0,0.0,45.0,45.0,0.5939320048751014,0.9033945469476624
499,45.0,90.0,90.0,45.0,45.0,0.0,90.0,45.0,45.0,0.5732545732028422,0.844524189251173
500,45.0,90.0,45.0,90.0,45.0,90.0,90.0,90.0,90.0,0.3857459077443679,0.15717859321385674
501,90.0,0.0,90.0,45.0,45.0,45.0,45.0,0.0,45.0,0.6840672354661264,0.5798275358744732
502,45.0,0.0,45.0,90.0,45.0,45.0,45.0,0.0,45.0,0.395328244545864,0.6030496427512354
503,45.0,45.0,90.0,0.0,0.0,45.0,90.0,45.0,45.0,0.3418573572634448,0.4747983679334796
504,45.0,45.0,0.0,90.0,45.0,45.0,0.0,0.0,45.0,0.6793375206705888,0.835514328875668
505,45.0,45.0,90.0,90.0,45.0,90.0,0.0,45.0,45.0,0.17608228551043914,0.9023953355098788
506,90.0,90.0,45.0,90.0,45.0,45.0,45.0,90.0,45.0,0.7482541117009289,0.5205815794746084
507,0.0,45.0,90.0,90.0,45.0,45.0,45.0,45.0,0.0,0.6382254542161777,0.5539126124961447
508,45.0,45.0,45.0,0.0,45.0,45.0,45.0,45.0,45.0,0.12982854178533199,0.40162977313466064
509,45.0,90.0,45.0,45.0,0.0,45.0,45.0,45.0,90.0,0.39393046097187856,0.18999717901573632
510,0.0,90.0,45.0,45.0,0.0,45.0,90.0,90.0,0.0,0.5611477108397457,0.7914093509129074
511,45.0,45.0,45.0,45.0,45.0,0.0,90.0,45.0,90.0,0.7528854573769856,0.9543188384995297
512,45.0,0.0,45.0,45.0,45.0,90.0,0.0,45.0,45.0,0.23244049268829015,0.2707189968603684
513,90.0,45.0,0.0,45.0,90.0,90.0,90.0,45.0,90.0,0.8298721376652145,0.20058764096362858
514,0.0,0.0,45.0,90.0,45.0,90.0,0.0,90.0,45.0,0.7659924214927637,0.21242115717933363
515,90.0,45.0,0.0,45.0,45.0,45.0,90.0,45.0,0.0,0.504033921481019,0.183638747850839
516,90.0,0.0,0.0,45.0,90.0,0.0,0.0,45.0,45.0,0.4402632927872655,0.6369771245529413
517,45.0,45.0,45.0,90.0,0.0,45.0,45.0,45.0,45.0,0.0551095727926425,0.9912039913089892
518,45.0,90.0,45.0,90.0,0.0,45.0,90.0,45.0,0.0,0.5818800708631415,0.8700205457243233
519,90.0,45.0,45.0,45.0,45.0,45.0,0.0,45.0,0.0,0.1359327138425208,0.6138219081833608
520,45.0,45.0,45.0,45.0,45.0,45.0,0.0,0.0,45.0,0.5330205874068729,0.02214605932461733
521,45.0,0.0,90.0,45.0,45.0,45.0,0.0,90.0,0.0,0.12333274581624931,0.34143053062038076
522,45.0,45.0,45.0,45.0,45.0,45.0,90.0,45.0,45.0,0.08452743264082696,0.13841304724886994
523,45.0,0.0,90.0,0.0,45.0,90.0,45.0,45.0,90.0,0.4740074295592488,0.8139620428151241
524,90.0,45.0,90.0,45.0,90.0,45.0,90.0,45.0,45.0,0.18873026888924327,0.3770159395355359
525,90.0,0.0,45.0,45.0,0.0,90.0,0.0,90.0,90.0,0.20925938167792246,0.45916145965281285
526,45.0,45.0,45.0,45.0,90.0,45.0,45.0,45.0,90.0,0.06252756131890547,0.2061424612082715
527,0.0,90.0,45.0,45.0,90.0,0.0,90.0,45.0,45.0,0.037578048586931145,0.9972612539035841
528,0.0,45.0,90.0,0.0,90.0,90.0,45.0,90.0,45.0,0.3090039273410048,0.039581294141340595
529,45.0,45.0,90.0,45.0,45.0,0.0,0.0,45.0,90.0,0.4262098828134042,0.7861997008304834
530,90.0,45.0,90.0,45.0,0.0,45.0,45.0,45.0,45.0,0.39688947504383676,0.10476620666204495
531,0.0,45.0,90.0,45.0,0.0,90.0,0.0,45.0,45.0,0.38063592371808463,0.39502383418757736
532,45.0,0.0,90.0,0.0,90.0,90.0,45.0,90.0,45.0,0.85751697084054,0.9649286654927826
533,45.0,45.0,90.0,0.0,45.0,90.0,0.0,45.0,90.0,0.529914000629399,0.25322167935165496
534,45.0,90.0,90.0,45.0,0.0,45.0,45.0,0.0,0.0,0.6563586227094599,0.07059681052073985
535,45.0,0.0,0.0,90.0,45.0,90.0,90.0,90.0,45.0,0.37452812375854005,0.07416607378109596
536,45.0,45.0,90.0,45.0,45.0,0.0,45.0,0.0,45.0,0.7227037853440333,0.6070972209473504
537,45.0,90.0,0.0,90.0,90.0,90.0,0.0,90.0,90.0,0.5082431841249382,0.17929562393906606
538,90.0,45.0,0.0,0.0,45.0,0.0,0.0,45.0,45.0,0.6607209943838142,0.7636606761705298
539,90.0,90.0,90.0,0.0,45.0,0.0,45.0,0.0,45.0,0.551275740358365,0.053289232066264236
540,90.0,90.0,90.0,45.0,90.0,0.0,90.0,45.0,45.0,0.7142214021933888,0.4756822122407598
541,90.0,90.0,45.0,45.0,45.0,45.0,90.0,45.0,45.0,0.41674545542890684,0.924255148797399
542,45.0,90.0,0.0,45.0,90.0,45.0,45.0,90.0,0.0,0.5874061844678694,0.8214484357148116
543,45.0,90.0,45.0,45.0,45.0,45.0,0.0,90.0,45.0,0.8796850598490816,0.3022556463942834
544,90.0,45.0,90.0,45.0,0.0,45.0,45.0,90.0,90.0,0.7082207829403481,0.5359890367906045
545,45.0,45.0,0.0,0.0,90.0,45.0,45.0,90.0,90.0,0.06014653542477322,0.6358029301285123
546,45.0,45.0,45.0,90.0,90.0,0.0,90.0,45.0,90.0,0.6320212250348151,0.6423931376147459
547,45.0,0.0,90.0,45.0,45.0,90.0,45.0,45.0,45.0,0.6364081868950557,0.43571023326773406
548,0.0,45.0,45.0,45.0,90.0,90.0,0.0,45.0,90.0,0.3219973801903584,0.7346740506840571
549,90.0,90.0,45.0,45.0,90.0,0.0,90.0,90.0,0.0,0.06960278510127227,0.05070490614011691
550,45.0,90.0,45.0,0.0,90.0,45.0,45.0,45.0,0.0,0.9905405183754631,0.040373265334244124
551,45.0,45.0,45.0,45.0,45.0,45.0,45.0,90.0,90.0,0.1103413414964518,0.1785502112585352
552,45.0,45.0,0.0,90.0,45.0,45.0,90.0,90.0,45.0,0.8466854385841981,0.8061674152914492
553,90.0,0.0,90.0,45.0,45.0,45.0,90.0,45.0,90.0,0.6290112146925932,0.8576289399337998
554,90.0,0.0,45.0,45.0,0.0,0.0,45.0,45.0,0.0,0.011250377042107518,0.5437503863107955
555,0.0,45.0,0.0,45.0,0.0,45.0,45.0,0.0,0.0,0.03256053744239973,0.18964418050286724
556,45.0,45.0,90.0,90.0,0.0,45.0,45.0,45.0,45.0,0.14580664620055117,0.2882998671513497
557,90.0,45.0,90.0,45.0,45.0,45.0,45.0,90.0,0.0,0.6030642628048685,0.8639976151301724
558,45.0,90.0,45.0,45.0,0.0,45.0,45.0,45.0,45.0,0.08726738549066593,0.8808303694794509
559,45.0,45.0,45.0,45.0,0.0,45.0,45.0,90.0,90.0,0.5407719655434313,0.11057732946661125
560,45.0,0.0,90.0,90.0,45.0,0.0,45.0,0.0,0.0,0.3249836542866936,0.6246288534854092
561,90.0,45.0,0.0,45.0,0.0,45.0,0.0,0.0,0.0,0.6965066693461138,0.28413344626967374
562,0.0,90.0,45.0,0.0,90.0,90.0,90.0,45.0,45.0,0.025787813690110628,0.07148701757318254
563,90.0,45.0,90.0,0.0,45.0,45.0,45.0,0.0,0.0,0.7317140382726768,0.7268966657916446
564,0.0,0.0,90.0,45.0,45.0,45.0,90.0,0.0,45.0,0.36117816291206606,0.11353815828042846
565,90.0,45.0,0.0,45.0,45.0,90.0,45.0,90.0,90.0,0.4116629792035874,0.5009046008470891
566,45.0,90.0,0.0,45.0,45.0,0.0,90.0,0.0,45.0,0.9063876300048763,0.7244782370597534
567,45.0,45.0,45.0,0.0,45.0,45.0,0.0,0.0,0.0,0.15521703417724997,0.33163752923082246
568,45.0,0.0,45.0,45.0,90.0,0.0,45.0,45.0,90.0,0.5414245892179232,0.32653157303207836
569,0.0,90.0,0.0,0.0,0.0,90.0,45.0,45.0,45.0,0.5677881264258355,0.18950912989929847
570,0.0,90.0,45.0,90.0,0.0,0.0,45.0,90.0,90.0,0.03848323556663169,0.40368170211382615
571,0.0,90.0,45.0,45.0,0.0,45.0,0.0,45.0,45.0,0.3935556442426681,0.5390258037756822
572,45.0,45.0,45.0,45.0,0.0,45.0,0.0,45.0,0.0,0.8596113296093721,0.5955747910452052
573,45.0,45.0,90.0,0.0,0.0,0.0,0.0,0.0,45.0,0.7054315940672067,0.6104311600094162
574,45.0,45.0,0.0,45.0,45.0,0.0,0.0,45.0,45.0,0.722198470062892,0.546362423390297
575,45.0,0.0,0.0,45.0,0.0,45.0,45.0,45.0,45.0,0.5280020588672496,0.5506344260675083
576,45.0,45.0,90.0,45.0,90.0,45.0,45.0,45.0,45.0,0.21425695347128693,0.19516784097768525
577,0.0,0.0,0.0,0.0,45.0,90.0,45.0,45.0,45.0,0.9740098128266929,0.7865802591682785
578,45.0,90.0,90.0,45.0,0.0,45.0,45.0,45.0,45.0,0.23700310540523084,0.30181094240001327
579,0.0,45.0,90.0,0.0,45.0,45.0,45.0,45.0,90.0,0.9336805922006726,0.6792288330845467
580,0.0,0.0,45.0,0.0,45.0,90.0,90.0,0.0,0.0,0.464752542169832,0.4168568747045409
581,90.0,45.0,90.0,90.0,0.0,45.0,90.0,90.0,0.0,0.8190462016892711,0.21344437840765895
582,0.0,0.0,0.0,0.0,45.0,45.0,45.0,0.0,0.0,0.09797927022063135,0.02430924992900818
583,45.0,0.0,0.0,90.0,90.0,0.0,0.0,0.0,90.0,0.3518539590671723,0.0628689978742275
584,45.0,90.0,90.0,90.0,90.0,0.0,90.0,45.0,45.0,0.6239384635815746,0.04113085868548727
585,90.0,90.0,45.0,45.0,45.0,0.0,45.0,45.0,45.0,0.8916175833828098,0.795457249297115
586,90.0,0.0,45.0,90.0,45.0,0.0,0.0,45.0,90.0,0.3785963326290095,0.04973723274556463
587,90.0,0.0,45.0,0.0,0.0,45.0,0.0,90.0,45.0,0.8822331075683479,0.40708534134567853
588,45.0,45.0,45.0,45.0,45.0,0.0,45.0,0.0,90.0,0.8688482726935998,0.2813669711225978
589,45.0,90.0,90.0,45.0,90.0,0.0,45.0,45.0,45.0,0.3581172139589327,0.9069891592955633
590,0.0,0.0,0.0,45.0,0.0,45.0,45.0,45.0,45.0,0.8677183626440708,0.94359162916111
591,0.0,45.0,45.0,45.0,45.0,45.0,45.0,45.0,45.0,0.11933487965794976,0.9253375589683048
592,90.0,0.0,0.0,0.0,45.0,45.0,45.0,0.0,0.0,0.18846437208640587,0.16229221930742121
593,45.0,45.0,45.0,90.0,90.0,45.0,45.0,0.0,0.0,0.07551929218889153,0.601432563937027
594,90.0,0.0,45.0,0.0,45.0,45.0,90.0,90.0,45.0,0.9239751941423359,0.6022029629833264
595,45.0,45.0,45.0,45.0,45.0,45.0,45.0,45.0,90.0,0.7916084478550872,0.9518931921956749
596,90.0,0.0,45.0,0.0,45.0,45.0,0.0,45.0,45.0,0.4555291244624957,0.417249994781547
597,90.0,90.0,90.0,0.0,0.0,45.0,45.0,45.0,0.0,0.6625401821562098,0.26755563569482455
598,90.0,0.0,45.0,0.0,90.0,45.0,90.0,90.0,0.0,0.6636580019827806,0.22358653165323972
599,45.0,0.0,90.0,45.0,90.0,45.0,90.0,0.0,0.0,0.9906009606842118,0.1599338231590658
600,45.0,90.0,0.0,90.0,90.0,0.0,45.0,90.0,45.0,0.5092444338546219,0.7168221034761281
601,45.0,0.0,0.0,90.0,90.0,45.0,45.0,45.0,45.0,0.0852957475526368,0.8381494309145462
602,45.0,0.0,90.0,0.0,90.0,0.0,45.0,0.0,45.0,0.5538559283114879,0.7350289208564
603,0.0,90.0,0.0,45.0,45.0,90.0,90.0,0.0,45.0,0.9699798771520384,0.6549038261651889
604,90.0,45.0,0.0,0.0,45.0,45.0,0.0,45.0,90.0,0.5770029354714874,0.22241564121107948
605,45.0,45.0,90.0,45.0,45.0,90.0,45.0,0.0,45.0,0.6958801265565064,0.27884332674510437
606,0.0,0.0,0.0,45.0,90.0,45.0,45.0,90.0,90.0,0.9187428424746344,0.6174669733085488
607,90.0,0.0,90.0,45.0,45.0,0.0,0.0,90.0,45.0,0.7901737078476555,0.09292983291957857
608,45.0,45.0,45.0,45.0,90.0,45.0,0.0,45.0,45.0,0.43888261098024317,0.5092995738731455
609,0.0,45.0,0.0,45.0,45.0,45.0,90.0,45.0,45.0,0.15435157474212036,0.1793009277869988
610,45.0,45.0,45.0,45.0,45.0,45.0,0.0,45.0,45.0,0.2493151698397278,0.7063128649409762
611,0.0,45.0,45.0,0.0,0.0,45.0,0.0,90.0,90.0,0.8232426404295745,0.32122367105282834
612,45.0,45.0,90.0,45.0,90.0,0.0,45.0,45.0,0.0,0.9202253659264977,0.5927107195578453
613,45.0,0.0,45.0,45.0,45.0,45.0,0.0,0.0,45.0,0.7481957238042384,0.6460203554381748
614,45.0,45.0,45.0,0.0,45.0,0.0,45.0,90.0,45.0,0.8235646128730105,0.9456709452667955
615,90.0,0.0,45.0,45.0,45.0,45.0,90.0,90.0,45.0,0.3491833555163526,0.12606158167504755
616,90.0,45.0,45.0,0.0,90.0,45.0,45.0,90.0,90.0,0.9449245039776585,0.5775409588077399
617,45.0,45.0,45.0,45.0,0.0,0.0,45.0,90.0,45.0,0.072959482818159,0.04648606166479052
618,90.0,90.0,45.0,45.0,45.0,90.0,45.0,90.0,45.0,0.9464853936562099,0.5946629147055279
619,45.0,45.0,90.0,90.0,90.0,45.0,45.0,90.0,45.0,0.32570415220183213,0.9501797686941509
620,45.0,45.0,45.0,90.0,45.0,0.0,45.0,90.0,90.0,0.48580936089893056,0.70431584310966
621,45.0,45.0,0.0,90.0,45.0,90.0,45.0,45.0,45.0,0.3445050775300894,0.4731377506079615
622,45.0,0.0,0.0,90.0,90.0,45.0,45.0,0.0,0.0,0.15157257430317106,0.6125255272233078
623,45.0,45.0,45.0,45.0,90.0,45.0,90.0,45.0,45.0,0.34303799439800486,0.038562530357640346
624,45.0,90.0,45.0,45.0,90.0,0.0,0.0,45.0,90.0,0.9009470007298528,0.3873368062327178
625,45.0,0.0,45.0,90.0,90.0,0.0,45.0,0.0,90.0,0.9715179370565294,0.40410072328248225
626,45.0,0.0,45.0,0.0,45.0,90.0,0.0,0.0,45.0,0.46295369907641226,0.3781120823300669
627,45.0,90.0,0.0,45.0,45.0,90.0,45.0,90.0,90.0,0.4260461932606302,0.20304956690386666
628,90.0,45.0,90.0,0.0,0.0,45.0,90.0,90.0,90.0,0.20054344172827565,0.6112999760709267
629,45.0,90.0,90.0,0.0,0.0,0.0,90.0,90.0,0.0,0.8011660930586674,0.7585640211771622
630,45.0,45.0,45.0,45.0,45.0,90.0,45.0,90.0,0.0,0.24397816244042714,0.4925440873642233
631,90.0,90.0,45.0,45.0,0.0,90.0,45.0,45.0,45.0,0.9695349593248981,0.18402763397751554
632,0.0,0.0,45.0,90.0,45.0,0.0,45.0,45.0,0.0,0.7736467731580546,0.7713499163051556
633,45.0,45.0,45.0,45.0,45.0,45.0,45.0,90.0,90.0,0.1658768068272367,0.5728815326290677
634,90.0,45.0,90.0,0.0,45.0,45.0,45.0,45.0,0.0,0.7965351123978606,0.6603326464267527
635,45.0,90.0,0.0,0.0,0.0,45.0,45.0,90.0,0.0,0.6564591180565094,0.3763719166542461
636,45.0,45.0,0.0,45.0,45.0,0.0,0.0,45.0,90.0,0.48636949921758066,0.9747077147174561
637,90.0,45.0,45.0,90.0,45.0,90.0,0.0,90.0,45.0,0.29565036341192386,0.2905374259399486
638,90.0,0.0,45.0,45.0,90.0,90.0,90.0,45.0,90.0,0.9234416026823791,0.44178549346878904
639,0.0,90.0,45.0,45.0,90.0,90.0,90.0,90.0,90.0,0.015593977172521312,0.7329873604918994
640,45.0,0.0,90.0,90.0,90.0,45.0,45.0,0.0,45.0,0.5139050419047104,0.7484135589469996
641,45.0,45.0,45.0,90.0,0.0,90.0,45.0,45.0,45.0,0.3579314572729487,0.9888143292055962
642,45.0,0.0,45.0,45.0,45.0,45.0,90.0,45.0,90.0,0.7583284709800252,0.8759309626491735
643,0.0,45.0,90.0,0.0,90.0,45.0,0.0,45.0,90.0,0.4774815500680195,0.10929660117638484
644,45.0,90.0,90.0,45.0,45.0,45.0,45.0,0.0,45.0,0.8113667588465701,0.23398432644161582
645,45.0,0.0,0.0,45.0,90.0,0.0,45.0,45.0,45.0,0.9477351031998976,0.6690069988315548
646,45.0,90.0,90.0,0.0,0.0,45.0,90.0,0.0,45.0,0.9125758093589471,0.9336038724008473
647,90.0,0.0,90.0,45.0,45.0,45.0,90.0,45.0,90.0,0.6292612361753303,0.4850116648947339
648,90.0,45.0,45.0,45.0,45.0,0.0,45.0,45.0,0.0,0.6587251113492473,0.9291245032721668
649,45.0,45.0,90.0,45.0,90.0,45.0,45.0,45.0,0.0,0.9010461364041416,0.6839110045699496
650,90.0,45.0,45.0,45.0,90.0,90.0,0.0,45.0,45.0,0.46131640642280647,0.6102071881457716
651,0.0,45.0,45.0,90.0,90.0,45.0,45.0,45.0,45.0,0.1187143040286952,0.6752265539285587
652,45.0,45.0,90.0,45.0,45.0,45.0,0.0,90.0,0.0,0.5762646424937503,0.19451629680964244
653,90.0,90.0,90.0,45.0,90.0,90.0,90.0,90.0,45.0,0.6992823573958118,0.24472581414950656
654,45.0,0.0,45.0,0.0,45.0,45.0,45.0,90.0,45.0,0.7865821118423297,0.02151528381254575
655,90.0,45.0,45.0,45.0,90.0,45.0,90.0,90.0,90.0,0.7109809351013201,0.0022206935468562783
656,45.0,0.0,90.0,90.0,45.0,0.0,0.0,0.0,0.0,0.38124281393758297,0.34118624499565264
657,0.0,90.0,45.0,0.0,45.0,0.0,45.0,90.0,45.0,0.6579779219151339,0.6889511017807546
658,45.0,45.0,45.0,0.0,45.0,0.0,90.0,90.0,0.0,0.35379899067079046,0.0013878259324218156
659,45.0,0.0,45.0,0.0,90.0,90.0,90.0,0.0,0.0,0.25960499465961184,0.70272658140738
660,45.0,45.0,45.0,0.0,45.0,90.0,45.0,45.0,0.0,0.20305938165478088,0.1929387175256606
661,45.0,0.0,0.0,45.0,45.0,90.0,45.0,45.0,0.0,0.20985730892758536,0.9869969972524522
662,0.0,45.0,45.0,90.0,0.0,90.0,45.0,90.0,45.0,0.7261541268614012,0.7589000726243562
663,0.0,45.0,45.0,45.0,0.0,45.0,0.0,90.0,0.0,0.07699797617649029,0.4355332806478228
664,45.0,45.0,0.0,45.0,90.0,0.0,90.0,90.0,45.0,0.7452587102033589,0.749028654487632
665,90.0,90.0,45.0,0.0,90.0,0.0,45.0,45.0,45.0,0.19063110167553865,0.2830899263844553
666,0.0,45.0,90.0,90.0,45.0,0.0,45.0,45.0,0.0,0.9392037016660923,0.9556467408311942
667,90.0,0.0,45.0,90.0,45.0,45.0,45.0,45.0,45.0,0.448174152994264,0.4047212351768499
668,45.0,0.0,0.0,0.0,45.0,0.0,45.0,45.0,45.0,0.8061515762234773,0.670835628875335
669,0.0,90.0,45.0,90.0,45.0,45.0,45.0,45.0,45.0,0.29504225240409454,0.8876868782318288
670,90.0,90.0,0.0,45.0,45.0,0.0,90.0,45.0,90.0,0.7582180247049857,0.993405809582147
671,45.0,45.0,45.0,90.0,0.0,0.0,90.0,0.0,45.0,0.5624873162365074,0.8613681276903447
672,45.0,0.0,0.0,0.0,45.0,45.0,90.0,0.0,0.0,0.7395996255071529,0.7323041292684463
673,90.0,0.0,45.0,90.0,45.0,45.0,0.0,45.0,45.0,0.6868796376774489,0.6401836430358409
674,90.0,45.0,45.0,45.0,90.0,45.0,45.0,45.0,45.0,0.6822813338747894,0.6824069215408768
675,45.0,45.0,0.0,0.0,90.0,90.0,45.0,0.0,45.0,0.9011539985889169,0.9560192469716626
676,45.0,45.0,45.0,45.0,90.0,90.0,45.0,45.0,0.0,0.7416034290111765,0.1828363033291417
677,90.0,90.0,90.0,45.0,0.0,45.0,90.0,45.0,45.0,0.780789064833102,0.4741252743095927
678,45.0,45.0,90.0,0.0,45.0,45.0,0.0,0.0,45.0,0.9760073429916243,0.6405481815630278
679,0.0,0.0,90.0,45.0,45.0,0.0,0.0,45.0,45.0,0.9815181595346152,0.5551166766042634
680,45.0,0.0,45.0,0.0,45.0,90.0,45.0,45.0,90.0,0.9549697226173688,0.8284651035667553
681,90.0,0.0,45.0,45.0,45.0,45.0,90.0,90.0,90.0,0.7879635536642277,0.196840920743232
682,0.0,45.0,45.0,0.0,0.0,0.0,0.0,90.0,45.0,0.7043646186070449,0.5477820883942485
683,90.0,90.0,0.0,0.0,45.0,0.0,0.0,45.0,45.0,0.8816491427476828,0.7115887785520126
684,45.0,90.0,90.0,45.0,45.0,0.0,45.0,90.0,45.0,0.6331527587249971,0.23181219204754255
685,0.0,45.0,45.0,0.0,0.0,90.0,0.0,45.0,0.0,0.6510740050462374,0.1707751015992437
686,90.0,90.0,45.0,45.0,90.0,45.0,45.0,0.0,45.0,0.5427571125508328,0.41567169768112133
687,45.0,90.0,0.0,45.0,45.0,45.0,45.0,90.0,90.0,0.057097414154125725,0.6606175927387073
688,45.0,45.0,90.0,90.0,90.0,45.0,45.0,0.0,90.0,0.533624155175619,0.7972142018045888
689,45.0,45.0,45.0,45.0,45.0,90.0,90.0,45.0,45.0,0.5458882979633399,0.964660156589928
690,0.0,0.0,45.0,90.0,45.0,90.0,90.0,45.0,0.0,0.5428270901402772,0.03923733775978311
691,45.0,45.0,45.0,45.0,45.0,90.0,90.0,45.0,45.0,0.8026841292803408,0.6869314683908209
692,45.0,0.0,45.0,45.0,45.0,45.0,0.0,0.0,0.0,0.20812370243641376,0.6704763183251763
693,45.0,45.0,0.0,45.0,0.0,90.0,45.0,45.0,90.0,0.3395101309487778,0.7670059149976436
694,45.0,90.0,0.0,45.0,45.0,0.0,45.0,45.0,45.0,0.15555454795603119,0.31536964577274484
695,90.0,90.0,90.0,90.0,45.0,0.0,45.0,45.0,45.0,0.02945814215243725,0.9596548168074388
696,45.0,90.0,45.0,0.0,45.0,0.0,45.0,45.0,45.0,0.3832244961379798,0.19113442593410468
697,45.0,90.0,45.0,45.0,0.0,90.0,45.0,45.0,45.0,0.04468334500079363,0.520373285587517
698,90.0,45.0,90.0,90.0,0.0,0.0,90.0,45.0,0.0,0.14995991987264645,0.6074404457453583
699,45.0,90.0,45.0,90.0,90.0,90.0,45.0,90.0,90.0,0.19087416113916944,0.1078913019424339
700,45.0,45.0,90.0,90.0,45.0,45.0,45.0,90.0,45.0,0.6395950249909911,0.6412892889069692
701,0.0,90.0,45.0,45.0,90.0,45.0,0.0,0.0,0.0,0.9424123231818687,0.26596213817036485
702,45.0,0.0,90.0,0.0,90.0,45.0,45.0,0.0,45.0,0.9660143959123918,0.9997992016152706
703,0.0,45.0,45.0,45.0,0.0,90.0,45.0,90.0,45.0,0.11175541209199491,0.0063104713838253446
704,45.0,45.0,45.0,0.0,45.0,90.0,45.0,90.0,90.0,0.8506118724627995,0.7613390423865061
705,0.0,45.0,0.0,0.0,45.0,0.0,45.0,45.0,0.0,0.8690297332827571,0.2919828368316735
706,90.0,45.0,0.0,90.0,45.0,45.0,45.0,45.0,0.0,0.8175036428311822,0.5321932871505703
707,45.0,0.0,0.0,90.0,0.0,45.0,90.0,0.0,90.0,0.8499031892549975,0.6687291207869197
708,45.0,0.0,90.0,45.0,0.0,90.0,0.0,45.0,0.0,0.006757815480519791,0.2970875334332139
709,45.0,0.0,90.0,0.0,45.0,90.0,0.0,45.0,45.0,0.8057150936478659,0.08419996424374687
710,45.0,45.0,0.0,45.0,45.0,45.0,45.0,0.0,45.0,0.11378642793449412,0.9255468871729403
711,45.0,45.0,0.0,45.0,45.0,45.0,45.0,0.0,45.0,0.16854255983323407,0.2727308118229609
712,0.0,0.0,45.0,45.0,90.0,45.0,90.0,45.0,0.0,0.5437454832393632,0.48447252017928677
713,90.0,45.0,0.0,45.0,0.0,90.0,45.0,45.0,90.0,0.4645515246254648,0.7992162925018602
714,45.0,90.0,90.0,90.0,90.0,45.0,90.0,45.0,0.0,0.6614923531735047,0.7426471331062171
715,45.0,90.0,90.0,45.0,90.0,90.0,90.0,45.0,0.0,0.665010119633683,0.4277466861148713
716,90.0,45.0,45.0,0.0,90.0,0.0,45.0,0.0,45.0,0.05062400401571354,0.9881508820851069
717,45.0,90.0,45.0,90.0,45.0,90.0,90.0,45.0,45.0,0.27349276317046667,0.896326016888328
718,45.0,0.0,90.0,0.0,45.0,0.0,0.0,0.0,45.0,0.20992936159212638,0.8714445506430817
719,45.0,45.0,45.0,45.0,0.0,0.0,0.0,90.0,90.0,0.7200453516717698,0.6274212896475672
720,45.0,45.0,90.0,90.0,45.0,45.0,90.0,90.0,45.0,0.7252382460297788,0.19637823626258732
721,0.0,90.0,0.0,45.0,45.0,45.0,45.0,90.0,45.0,0.5664842505267503,0.3796692800491196
722,0.0,45.0,45.0,45.0,0.0,90.0,90.0,0.0,45.0,0.8272128134613557,0.8340124244247719
723,90.0,90.0,0.0,45.0,0.0,90.0,45.0,45.0,90.0,0.9133104266155699,0.1345536163715063
724,45.0,90.0,45.0,45.0,0.0,0.0,45.0,45.0,45.0,0.778443891756995,0.6737678931174974
725,0.0,45.0,0.0,45.0,90.0,45.0,90.0,45.0,0.0,0.4797661381375423,0.2159948114497655
726,90.0,0.0,45.0,45.0,45.0,45.0,45.0,90.0,90.0,0.6798380806291697,0.4657195361644352
727,90.0,45.0,0.0,45.0,0.0,0.0,45.0,45.0,0.0,0.5398463317929791,0.8619311529354063
728,45.0,90.0,0.0,90.0,90.0,45.0,0.0,45.0,45.0,0.5695533244192688,0.4071884268075412
729,90.0,45.0,45.0,90.0,0.0,45.0,45.0,45.0,45.0,0.041896762843089186,0.4158654659155677
730,0.0,45.0,90.0,0.0,45.0,45.0,45.0,90.0,0.0,0.5223750561116361,0.4671209956068034
731,90.0,45.0,0.0,90.0,45.0,45.0,45.0,90.0,45.0,0.28419288336287063,0.9638096483472326
732,45.0,45.0,90.0,0.0,90.0,0.0,45.0,90.0,0.0,0.4150883662267011,0.5564710644634623
733,90.0,45.0,90.0,45.0,45.0,90.0,45.0,45.0,90.0,0.4084950455452372,0.22765059039924218
734,0.0,0.0,45.0,0.0,45.0,45.0,90.0,45.0,45.0,0.9680799492660971,0.5308544554989334
735,90.0,45.0,45.0,45.0,90.0,45.0,45.0,0.0,45.0,0.7033678701799961,0.7347060077503236
736,0.0,90.0,45.0,0.0,45.0,0.0,90.0,45.0,90.0,0.009189275191516244,0.7043521665961849
737,45.0,45.0,90.0,90.0,90.0,45.0,45.0,45.0,45.0,0.2005040133436763,0.11280299653686088
738,90.0,45.0,45.0,45.0,45.0,0.0,45.0,0.0,0.0,0.831292335088436,0.33803252470567924
739,45.0,45.0,90.0,0.0,45.0,45.0,45.0,45.0,0.0,0.6750268539621708,0.25833566887110504
740,45.0,90.0,90.0,90.0,45.0,90.0,45.0,45.0,0.0,0.9573684860073682,0.4774316740091944
741,45.0,90.0,45.0,0.0,0.0,90.0,45.0,90.0,45.0,0.8298949278445578,0.9623448179116995
742,0.0,45.0,45.0,0.0,45.0,45.0,45.0,0.0,45.0,0.21796271405837608,0.9739185684254023
743,45.0,45.0,45.0,90.0,90.0,45.0,90.0,45.0,90.0,0.9819013941520104,0.8504961282051534
744,45.0,0.0,90.0,90.0,0.0,45.0,0.0,45.0,45.0,0.5134691070825547,0.9378742836830859
745,0.0,0.0,45.0,90.0,90.0,90.0,45.0,45.0,90.0,0.2525736525213321,0.07925290077132474
746,45.0,45.0,90.0,45.0,45.0,0.0,0.0,0.0,0.0,0.18710676075957877,0.6263439160443288
747,45.0,0.0,90.0,0.0,45.0,90.0,90.0,0.0,45.0,0.3869640033474733,0.7781085907986843
748,45.0,90.0,45.0,45.0,90.0,90.0,0.0,90.0,45.0,0.37361872295170884,0.268721638764699
749,45.0,90.0,45.0,45.0,45.0,0.0,45.0,90.0,45.0,0.42703602395442475,0.7261186527933938
750,45.0,45.0,45.0,90.0,90.0,45.0,45.0,0.0,45.0,0.7774811952701964,0.21896288126111718
751,45.0,90.0,45.0,90.0,45.0,45.0,0.0,45.0,0.0,0.8591568630480662,0.9804733671776131
752,45.0,45.0,0.0,45.0,45.0,90.0,90.0,45.0,45.0,0.11240667994762865,0.8649699878206322
753,0.0,45.0,45.0,90.0,0.0,45.0,45.0,45.0,45.0,0.28616514383715075,0.7323048553920153
754,45.0,45.0,90.0,45.0,0.0,0.0,45.0,90.0,45.0,0.415107755147092,0.26358462098011337
755,45.0,0.0,45.0,0.0,45.0,45.0,0.0,0.0,45.0,0.8606864731771481,0.7479822946799417
756,45.0,45.0,45.0,45.0,45.0,0.0,45.0,90.0,0.0,0.31082103820518037,0.8892615766156398
757,90.0,0.0,0.0,0.0,90.0,45.0,45.0,90.0,90.0,0.35686673098647337,0.6996576779774488
758,0.0,0.0,45.0,90.0,45.0,90.0,45.0,90.0,45.0,0.2908633015353196,0.02605416196419208
759,45.0,90.0,0.0,45.0,45.0,0.0,90.0,45.0,45.0,0.7284028275987988,0.3502695765088152
760,90.0,45.0,45.0,45.0,45.0,0.0,45.0,45.0,45.0,0.7045901645967692,0.9710080143758785
761,90.0,90.0,45.0,45.0,90.0,0.0,45.0,45.0,90.0,0.9419896953074424,0.6655357745810005
762,45.0,0.0,90.0,90.0,0.0,90.0,45.0,0.0,0.0,0.8309026319815311,0.12635033792337913
763,45.0,0.0,90.0,45.0,45.0,90.0,45.0,0.0,45.0,0.6570215069096043,0.7082325743846198
764,45.0,45.0,45.0,45.0,45.0,45.0,90.0,45.0,0.0,0.7529833120514189,0.11154711888970692
765,90.0,90.0,45.0,45.0,45.0,45.0,90.0,0.0,45.0,0.7796581769366372,0.21133201352025321
766,0.0,45.0,45.0,45.0,45.0,45.0,45.0,90.0,45.0,0.7805553021691537,0.8355053808363263
767,45.0,0.0,45.0,90.0,45.0,90.0,0.0,90.0,90.0,0.9252510946322898,0.2263069386033314
768,90.0,0.0,45.0,45.0,0.0,90.0,0.0,45.0,0.0,0.41317828465827666,0.8216400174851459
769,45.0,0.0,45.0,45.0,45.0,90.0,0.0,45.0,45.0,0.7969039567426963,0.8674348459087695
770,45.0,45.0,90.0,90.0,0.0,45.0,45.0,90.0,0.0,0.12350780723633425,0.35890066855979696
771,45.0,0.0,0.0,90.0,45.0,45.0,0.0,45.0,90.0,0.8868719120397475,0.6210265247078178
772,90.0,45.0,90.0,90.0,0.0,90.0,90.0,45.0,90.0,0.2575320804296003,0.6485985971316458
773,45.0,45.0,0.0,45.0,90.0,90.0,90.0,0.0,90.0,0.4759973987526265,0.985320876157014
774,90.0,0.0,45.0,90.0,0.0,90.0,45.0,45.0,45.0,0.3105040290132255,0.009445440762014146
775,45.0,90.0,0.0,90.0,0.0,45.0,0.0,45.0,90.0,0.5433247521383213,0.3231040958086915
776,45.0,90.0,45.0,45.0,0.0,0.0,0.0,90.0,45.0,0.034350645544167,0.08961583524748495
777,90.0,45.0,0.0,45.0,45.0,90.0,90.0,90.0,45.0,0.42745067010835025,0.7121197039372478
778,0.0,45.0,45.0,90.0,0.0,90.0,45.0,45.0,90.0,0.7319101658737192,0.13417460077162313
779,45.0,0.0,90.0,45.0,45.0,0.0,45.0,45.0,90.0,0.21429797078781054,0.571060715635225
780,45.0,45.0,0.0,45.0,45.0,45.0,45.0,45.0,90.0,0.27236397082741026,0.12133773118221503
781,90.0,90.0,45.0,45.0,45.0,45.0,90.0,0.0,0.0,0.05732404144175052,0.49103720862765976
782,45.0,0.0,90.0,45.0,45.0,45.0,45.0,45.0,45.0,0.17083075295724182,0.41701654139189914
783,90.0,45.0,45.0,90.0,0.0,45.0,45.0,90.0,90.0,0.011203299516269305,0.43370145302854113
784,0.0,0.0,0.0,0.0,45.0,90.0,45.0,45.0,45.0,0.273791712968804,0.8139831892474345
785,45.0,0.0,45.0,90.0,45.0,45.0,90.0,90.0,90.0,0.9505416196217442,0.5661599815556967
786,45.0,45.0,0.0,0.0,45.0,45.0,45.0,45.0,45.0,0.8074269191463391,0.3188053292878317
787,45.0,90.0,45.0,0.0,45.0,0.0,45.0,90.0,90.0,0.497944594634545,0.0939559301048204
788,90.0,45.0,45.0,45.0,0.0,45.0,0.0,45.0,90.0,0.47889947565547375,0.7780643253769154
789,0.0,90.0,45.0,0.0,45.0,45.0,45.0,0.0,90.0,0.5599152477605587,0.8327537909075786
790,0.0,90.0,45.0,0.0,45.0,45.0,90.0,45.0,0.0,0.5132660867860582,0.1380810397059553
791,45.0,45.0,0.0,45.0,45.0,0.0,45.0,90.0,45.0,0.008620591042469816,0.005933209467208322
792,0.0,90.0,90.0,90.0,45.0,45.0,45.0,45.0,45.0,0.546938606610393,0.9498216227033094
793,45.0,0.0,90.0,90.0,45.0,0.0,0.0,90.0,45.0,0.5219127146598982,0.17615209093000217
794,45.0,0.0,45.0,45.0,45.0,90.0,45.0,45.0,0.0,0.7539009084852235,0.12685947652983387
795,0.0,45.0,45.0,90.0,45.0,45.0,45.0,0.0,45.0,0.973333783104378,0.8014833438023443
796,45.0,45.0,45.0,45.0,90.0,45.0,90.0,45.0,45.0,0.04392279181018566,0.13301580999371643
797,90.0,45.0,45.0,0.0,45.0,90.0,45.0,0.0,45.0,0.9421867929262701,0.9417858098552259
798,90.0,0.0,90.0,0.0,90.0,90.0,90.0,0.0,45.0,0.22771600501398237,0.6635266861540975
